date;price;bedrooms;bathrooms;sqft_living;sqft_lot;floors;waterfront;view;condition;sqft_above;sqft_basement;yr_built;yr_renovated;street;city;statezip;price_per_sqft
2014-05-02;313000.0;3.0;1.5;1340;7912;1.5;0;0;3;1340;0;1955;2005;18810 Densmore Ave N;Shoreline;WA 98133;233.58
2014-05-02;2384000.0;5.0;2.5;3650;9050;2.0;0;4;5;3370;280;1921;0;709 W Blaine St;Seattle;WA 98119;653.15
2014-05-02;342000.0;3.0;2.0;1930;11947;1.0;0;0;4;1930;0;1966;0;26206-26214 143rd Ave SE;Kent;WA 98042;177.2
2014-05-02;420000.0;3.0;2.25;2000;8030;1.0;0;0;4;1000;1000;1963;0;857 170th Pl NE;Bellevue;WA 98008;210.0
2014-05-02;550000.0;4.0;2.5;1940;10500;1.0;0;0;4;1140;800;1976;1992;9105 170th Ave NE;Redmond;WA 98052;283.51
2014-05-02;490000.0;2.0;1.0;880;6380;1.0;0;0;3;880;0;1938;1994;522 NE 88th St;Seattle;WA 98115;556.82
2014-05-02;335000.0;2.0;2.0;1350;2560;1.0;0;0;3;1350;0;1976;0;2616 174th Ave NE;Redmond;WA 98052;248.15
2014-05-02;482000.0;4.0;2.5;2710;35868;2.0;0;0;3;2710;0;1989;0;23762 SE 253rd Pl;Maple Valley;WA 98038;177.86
2014-05-02;452500.0;3.0;2.5;2430;88426;1.0;0;0;4;1570;860;1985;0;46611-46625 SE 129th St;North Bend;WA 98045;186.21
2014-05-02;640000.0;4.0;2.0;1520;6200;1.5;0;0;3;1520;0;1945;2010;6811 55th Ave NE;Seattle;WA 98115;421.05
2014-05-02;463000.0;3.0;1.75;1710;7320;1.0;0;0;3;1710;0;1948;1994;Burke-Gilman Trail;Lake Forest Park;WA 98155;270.76
2014-05-02;1400000.0;4.0;2.5;2920;4000;1.5;0;0;5;1910;1010;1909;1988;3838-4098 44th Ave NE;Seattle;WA 98105;479.45
2014-05-02;588500.0;3.0;1.75;2330;14892;1.0;0;0;3;1970;360;1980;0;1833 220th Pl NE;Sammamish;WA 98074;252.58
2014-05-02;365000.0;3.0;1.0;1090;6435;1.0;0;0;4;1090;0;1955;2009;2504 SW Portland Ct;Seattle;WA 98106;334.86
2014-05-02;1200000.0;5.0;2.75;2910;9480;1.5;0;0;3;2910;0;1939;1969;3534 46th Ave NE;Seattle;WA 98105;412.37
2014-05-02;242500.0;3.0;1.5;1200;9720;1.0;0;0;4;1200;0;1965;0;14034 SE 201st St;Kent;WA 98042;202.08
2014-05-02;419000.0;3.0;1.5;1570;6700;1.0;0;0;4;1570;0;1956;0;15424 SE 9th St;Bellevue;WA 98007;266.88
2014-05-02;367500.0;4.0;3.0;3110;7231;2.0;0;0;3;3110;0;1997;0;11224 SE 306th Pl;Auburn;WA 98092;118.17
2014-05-02;257950.0;3.0;1.75;1370;5858;1.0;0;0;3;1370;0;1987;2000;1605 S 245th Pl;Des Moines;WA 98198;188.28
2014-05-02;275000.0;3.0;1.5;1180;10277;1.0;0;0;3;1180;0;1983;2009;12425 415th Ave SE;North Bend;WA 98045;233.05
2014-05-02;750000.0;3.0;1.75;2240;10578;2.0;0;0;5;1550;690;1923;0;3225 NE 92nd St;Seattle;WA 98115;334.82
2014-05-02;435000.0;4.0;1.0;1450;8800;1.0;0;0;4;1450;0;1954;1979;3922 154th Ave SE;Bellevue;WA 98006;300.0
2014-05-02;626000.0;3.0;2.25;1750;1572;2.5;0;0;3;1470;280;2005;0;3140 Franklin Ave E;Seattle;WA 98102;357.71
2014-05-02;612500.0;4.0;2.5;2730;12261;2.0;0;0;3;2730;0;1991;0;10212 NE 156th Pl;Bothell;WA 98011;224.36
2014-05-02;495000.0;4.0;1.75;1600;6380;1.0;0;0;3;1130;470;1959;1989;2021 NE 100th St;Seattle;WA 98125;309.38
2014-05-02;285000.0;3.0;2.5;2090;10834;1.0;0;0;4;1360;730;1987;0;27736 23rd Avenue South;Federal Way;WA 98003;136.36
2014-05-02;615000.0;3.0;1.75;2360;7291;1.0;0;0;4;1360;1000;1948;0;8436-8438 41st Ave SW;Seattle;WA 98136;260.59
2014-05-02;698000.0;4.0;2.25;2200;11250;1.5;0;0;5;1300;900;1920;0;1036 4th St;Kirkland;WA 98033;317.27
2014-05-02;675000.0;5.0;2.5;2820;67518;2.0;0;0;3;2820;0;1979;2014;23525 SE 32nd Way;Issaquah;WA 98029;239.36
2014-05-02;790000.0;3.0;2.5;2600;4750;1.0;0;0;4;1700;900;1951;1999;3314 NW 75th St;Seattle;WA 98117;303.85
2014-05-02;382500.0;4.0;1.75;1560;8700;1.0;0;0;4;1560;0;1967;0;14104 119th Ave NE;Kirkland;WA 98034;245.19
2014-05-02;499950.0;4.0;2.5;2860;3345;2.0;0;0;3;2190;670;2004;2003;20120 137th Ave NE;Woodinville;WA 98072;174.81
2014-05-02;650000.0;4.0;2.0;1820;5000;1.5;0;1;3;1640;180;1945;2010;7201-7399 55th Ave NE;Seattle;WA 98115;357.14
2014-05-02;625000.0;4.0;2.5;2820;8408;2.0;0;0;3;2820;0;2014;0;17052 4th Ave NE;Shoreline;WA 98155;221.63
2014-05-02;400000.0;4.0;2.5;3630;42884;1.5;0;0;3;2300;1330;1979;2014;5172-5198 Heather Ave SE;Auburn;WA 98092;110.19
2014-05-02;604000.0;3.0;2.5;3240;33151;2.0;0;2;3;3240;0;1995;0;30822 36th Ct SW;Federal Way;WA 98023;186.42
2014-05-02;440000.0;2.0;1.0;800;4850;1.0;0;0;4;800;0;1944;0;4801-4899 6th Ave NW;Seattle;WA 98107;550.0
2014-05-02;287200.0;3.0;3.0;1850;19966;1.0;0;0;4;1090;760;1992;0;23017 SE 281st Ct;Maple Valley;WA 98038;155.24
2014-05-02;403000.0;3.0;2.0;1960;13100;1.0;0;2;5;1650;310;1957;0;17825 4th Ave SW;Normandy Park;WA 98166;205.61
2014-05-02;750000.0;3.0;2.5;2390;6550;1.0;0;2;4;1440;950;1955;2009;3628 59th Ave SW;Seattle;WA 98116;313.81
2014-05-02;335000.0;3.0;2.25;1580;16215;1.0;0;0;4;1580;0;1978;2000;4460 332nd Ave SE;Fall City;WA 98024;212.03
2014-05-02;260000.0;4.0;2.0;1480;8625;1.0;0;0;4;1480;0;1974;0;2019 Aberdeen Pl SE;Renton;WA 98055;175.68
2014-05-02;308500.0;2.0;1.0;850;6174;1.0;0;0;4;850;0;1950;1983;121 NE 147th St;Shoreline;WA 98155;362.94
2014-05-02;439950.0;3.0;2.5;1770;2875;2.0;0;0;3;1770;0;1990;2009;4458 51st Ave SW;Seattle;WA 98116;248.56
2014-05-02;235000.0;2.0;1.0;1210;9400;1.0;0;0;2;1210;0;1949;0;7542 21st Ave SW;Seattle;WA 98106;194.21
2014-05-02;315000.0;3.0;1.0;1160;9180;1.0;0;0;3;1160;0;1968;1997;15804 198th Pl NE;Woodinville;WA 98077;271.55
2014-05-02;437500.0;3.0;2.25;1970;35100;2.0;0;0;4;1970;0;1977;0;26069 SE 154th St;Issaquah;WA 98027;222.08
2014-05-02;407500.0;3.0;2.5;1930;10460;2.0;0;0;3;1930;0;1996;0;4314 NE 6th Pl;Renton;WA 98059;211.14
2014-05-02;445700.0;3.0;2.5;1270;1180;3.0;0;0;3;1270;0;2001;0;2640 NW 56th St;Seattle;WA 98107;350.94
2014-05-02;838000.0;4.0;2.5;3310;42998;2.0;0;0;3;3310;0;2001;0;15712 NE 136th Pl;Redmond;WA 98052;253.17
2014-05-02;630000.0;4.0;2.75;2710;37277;2.0;0;0;3;2710;0;2000;0;26429 SE 154th Pl;Issaquah;WA 98027;232.47
2014-05-02;550000.0;3.0;1.75;2910;35200;1.5;0;0;3;2910;0;1979;2014;3923 229th Pl SE;Sammamish;WA 98075;189.0
2014-05-02;805000.0;3.0;2.0;2710;4500;1.5;0;0;4;1880;830;1929;0;6222 30th Ave NE;Seattle;WA 98115;297.05
2014-05-02;284000.0;3.0;1.75;1800;23103;1.0;0;0;3;1800;0;1968;1997;32418 NE 50th St;Carnation;WA 98014;157.78
2014-05-02;470000.0;5.0;2.5;2210;9655;1.0;0;0;3;1460;750;1976;0;19334 89th Ave NE;Bothell;WA 98011;212.67
2014-05-02;430000.0;4.0;1.5;1920;10000;1.0;0;0;4;1070;850;1954;1979;4071 156th Ave SE;Bellevue;WA 98006;223.96
2014-05-02;491500.0;4.0;1.75;2190;125452;1.0;0;2;3;2190;0;1968;1997;36850 204th Ave SE;Auburn;WA 98092;224.43
2014-05-02;785000.0;5.0;3.25;3660;11995;2.0;0;2;3;3660;0;2006;0;7425 Snowberry Ave SE;Snoqualmie;WA 98065;214.48
2014-05-02;385000.0;3.0;3.25;1320;1327;2.0;0;0;3;1040;280;2008;0;3400 21st Ave W;Seattle;WA 98199;291.67
2014-05-02;295000.0;2.0;2.5;1630;1368;2.0;0;0;3;1280;350;2009;0;5944-6082 Delridge Way SW;Seattle;WA 98106;180.98
2014-05-02;555000.0;4.0;2.5;3310;6500;2.0;0;0;3;3310;0;2012;1912;35229 SE Terrace St;Snoqualmie;WA 98065;167.67
2014-05-02;459990.0;3.0;2.5;2680;5539;2.0;0;0;3;2680;0;2013;1923;13800 453rd Ave SE;North Bend;WA 98045;171.64
2014-05-02;625000.0;4.0;3.25;2730;54014;1.0;0;0;3;1560;1170;2007;0;9927 174th Ave SE;Renton;WA 98059;228.94
2014-05-02;300000.0;3.0;2.5;2540;5050;2.0;0;0;3;2540;0;2006;0;29734 215th Terrace SE;Kent;WA 98042;118.11
2014-05-03;625000.0;4.0;2.75;2920;6605;2.0;0;0;3;2920;0;2012;1912;5608 NE 5th Cir;Renton;WA 98059;214.04
2014-05-03;553000.0;2.0;1.0;900;5000;1.0;0;0;3;900;0;1944;0;8053 29th Ave NW;Seattle;WA 98117;614.44
2014-05-03;379880.0;3.0;2.5;1650;14054;1.0;0;0;4;1130;520;1986;0;13256 242nd Pl SE;Issaquah;WA 98027;230.23
2014-05-03;310000.0;3.0;1.0;1010;9945;1.0;0;0;4;1010;0;1973;0;7528 N Fork Rd SE;Snoqualmie;WA 98065;306.93
2014-05-04;775000.0;2.0;2.5;2680;7392;1.0;0;0;3;2680;0;2004;2003;13134 234th Ct NE;Redmond;WA 98053;289.18
2014-05-04;365000.0;3.0;2.5;2200;7350;1.0;0;0;5;1570;630;1988;0;13420 SE 182nd St;Renton;WA 98058;165.91
2014-05-04;331950.0;4.0;2.5;2530;9933;2.0;0;2;3;2010;520;1990;2009;925 48th Ct;Auburn;WA 98092;131.21
2014-05-04;783500.0;3.0;2.5;2850;7130;2.0;0;0;3;1990;860;1980;0;151 Euclid Ave;Seattle;WA 98122;274.91
2014-05-04;628000.0;4.0;2.0;2280;6010;1.0;0;0;3;1140;1140;1900;2005;205-206 Euclid Ave;Seattle;WA 98122;275.44
2014-05-05;560000.0;3.0;2.5;1900;8744;2.0;0;0;3;1900;0;1987;2000;22314 NE 11th Pl;Sammamish;WA 98074;294.74
2014-05-05;900000.0;3.0;1.0;1330;77972;1.0;0;0;3;1330;0;1928;1954;13615 NE 100th St;Kirkland;WA 98033;676.69
2014-05-05;531000.0;2.0;3.0;1270;1175;2.0;0;0;3;1110;160;2000;0;1411 N 48th St;Seattle;WA 98103;418.11
2014-05-05;831000.0;4.0;3.0;2170;4000;2.0;0;0;4;1610;560;1982;2011;120 31st Ave E;Seattle;WA 98112;382.95
2014-05-05;780000.0;4.0;2.5;2730;10281;2.0;0;2;3;2730;0;1996;0;23140 NE 14th Ct;Sammamish;WA 98074;285.71
2014-05-05;755000.0;4.0;2.5;2120;10202;1.0;0;0;4;1620;500;1960;2001;12645 SE 27th St;Bellevue;WA 98005;356.13
2014-05-05;705380.0;3.0;2.5;2490;4343;2.0;0;0;3;2490;0;2003;0;3187 NE Larkspur Ln;Issaquah;WA 98029;283.29
2014-05-05;627000.0;4.0;2.25;1990;7712;1.0;0;0;3;1210;780;1973;2013;18915 SE 42nd Pl;Issaquah;WA 98027;315.08
2014-05-05;865000.0;4.0;3.0;3690;9892;2.0;0;0;3;3690;0;1998;2006;1765 267th Ct SE;Sammamish;WA 98075;234.42
2014-05-05;580000.0;2.0;1.0;2540;7000;1.0;0;0;5;1320;1220;1942;0;8624 Island Dr S;Seattle;WA 98118;228.35
2014-05-05;410000.0;3.0;2.25;1800;36704;1.0;0;0;4;1360;440;1978;2000;24502 SE Mirrormont Dr;Issaquah;WA 98027;227.78
2014-05-05;485000.0;4.0;3.0;2340;7048;1.0;0;0;4;1340;1000;1979;0;14319 85th Pl NE;Kirkland;WA 98034;207.26
2014-05-05;400000.0;2.0;1.75;2110;9519;1.0;0;0;2;2110;0;1948;0;2120 NE 168th St;Shoreline;WA 98155;189.57
2014-05-05;549000.0;2.0;1.0;1140;5400;1.0;0;0;5;1140;0;1908;0;209 30th Ave E;Seattle;WA 98112;481.58
2014-05-05;620000.0;3.0;1.75;1480;2185;2.5;0;0;3;1480;0;2005;0;10512 128th Ave NE;Kirkland;WA 98033;418.92
2014-05-05;405000.0;2.0;3.0;1410;1240;2.0;0;0;3;1140;270;2006;0;9126 45th Ave SW;Seattle;WA 98136;287.23
2014-05-05;232000.0;2.0;1.0;1200;8063;1.0;0;0;4;1200;0;1958;1972;20220 8th Ave S;Des Moines;WA 98198;193.33
2014-05-05;800866.0;5.0;2.5;3180;13806;2.0;0;0;4;3180;0;1990;0;11821 NE 48th Pl;Kirkland;WA 98033;251.84
2014-05-05;650000.0;3.0;1.5;2160;9000;1.0;0;2;4;1400;760;1949;1985;13026 10th Ave NW;Seattle;WA 98177;300.93
2014-05-05;823000.0;6.0;1.75;2920;5000;2.5;0;0;4;2780;140;1908;0;125 29th Ave;Seattle;WA 98122;281.85
2014-05-05;770000.0;3.0;2.0;2350;5700;1.5;0;0;4;1810;540;1939;1989;2171 Boyer Ave E;Seattle;WA 98112;327.66
2014-05-05;524000.0;3.0;1.75;1560;5520;1.0;0;0;4;780;780;1944;0;3434 33rd Ave W;Seattle;WA 98199;335.9
2014-05-05;541125.0;5.0;2.75;2740;8426;1.0;0;0;4;1370;1370;1960;2001;5211 116th Pl SE;Bellevue;WA 98006;197.49
2014-05-05;670000.0;3.0;2.5;1680;2000;3.0;0;0;3;1680;0;1909;1998;3503 NE 44th St;Seattle;WA 98105;398.81
2014-05-05;384900.0;5.0;2.5;3090;12750;1.0;0;0;3;1750;1340;1968;1997;114 SW 292nd St;Federal Way;WA 98023;124.56
2014-05-05;406100.0;3.0;2.25;1410;1332;3.0;0;0;3;1410;0;2005;0;8536 Interlake Ave N;Seattle;WA 98103;288.01
2014-05-05;1395000.0;5.0;3.5;4010;8510;2.0;0;1;5;2850;1160;1971;0;3930 NE Belvoir Pl;Seattle;WA 98105;347.88
2014-05-05;736500.0;4.0;2.5;3180;21904;2.0;0;3;3;3180;0;2000;0;17132 SE 100th St;Renton;WA 98059;231.6
2014-05-05;570000.0;3.0;2.25;2010;6000;1.0;0;0;3;1330;680;1975;0;10204 168th Pl NE;Redmond;WA 98052;283.58
2014-05-05;787000.0;3.0;1.75;1330;7500;1.0;0;0;3;1330;0;1961;2004;218 109th Ave SE;Bellevue;WA 98004;591.73
2014-05-05;328000.0;4.0;2.5;2370;6500;2.0;0;0;3;2370;0;1998;2006;12621 SE 300th Way;Auburn;WA 98092;138.4
2014-05-05;435000.0;5.0;2.0;1840;9240;1.0;0;0;4;1540;300;1942;1958;14013 Ashworth Ave N;Seattle;WA 98133;236.41
2014-05-05;499000.0;4.0;2.5;2910;6479;2.0;0;0;3;2910;0;2006;0;34010 SE Sorenson St;Snoqualmie;WA 98065;171.48
2014-05-05;501000.0;4.0;1.0;2070;7519;1.0;0;0;3;1160;910;1963;2008;2506 166th Ave NE;Bellevue;WA 98008;242.03
2014-05-05;1090000.0;4.0;2.5;4340;141570;2.5;0;0;3;4340;0;1992;0;8814 218th Ave NE;Redmond;WA 98053;251.15
2014-05-05;400000.0;2.0;1.0;840;5510;1.0;0;0;3;840;0;1955;2005;4515 SW Trenton St;Seattle;WA 98136;476.19
2014-05-05;220000.0;4.0;1.5;1240;9600;1.0;0;0;3;1240;0;1971;0;4924 SW 314th Pl;Federal Way;WA 98023;177.42
2014-05-05;657100.0;4.0;1.0;1390;4240;1.0;0;0;3;1050;340;1924;2011;4312 Woodlawn Ave N;Seattle;WA 98103;472.73
2014-05-05;309950.0;4.0;2.75;2310;5000;2.0;0;0;3;2310;0;2006;0;22912 SE 268th Pl;Maple Valley;WA 98038;134.18
2014-05-05;300000.0;3.0;2.0;1050;10072;1.0;0;0;3;1050;0;1986;0;27106 NE Miller St;Duvall;WA 98019;285.71
2014-05-05;525888.0;5.0;1.75;2550;71874;1.0;0;0;5;1810;740;1960;0;13129 195th Pl SE;Issaquah;WA 98027;206.23
2014-05-05;740000.0;4.0;1.75;2010;3600;1.5;0;0;3;2010;0;1902;0;1014 W Garfield St;Seattle;WA 98119;368.16
2014-05-05;340000.0;5.0;1.0;1120;9022;1.5;0;0;4;1120;0;1962;0;14150 75th Ave NE;Kirkland;WA 98034;303.57
2014-05-05;398750.0;3.0;2.5;2230;4000;2.0;0;0;3;2230;0;1954;2005;2601 21st Ave S;Seattle;WA 98144;178.81
2014-05-05;206000.0;2.0;1.0;810;7158;1.0;0;0;5;810;0;1944;0;12807 7th Ave S;Burien;WA 98168;254.32
2014-05-05;1030000.0;5.0;2.75;3190;16920;1.0;0;3;3;1690;1500;1976;0;4529 135th Ave SE;Bellevue;WA 98006;322.88
2014-05-05;600000.0;3.0;1.75;1670;39639;1.0;0;0;4;1670;0;1976;1992;1804 E Beaver Lake Dr SE;Sammamish;WA 98075;359.28
2014-05-05;379950.0;4.0;1.75;1970;9389;1.0;0;0;5;1140;830;1960;0;1701 N 204th Pl;Shoreline;WA 98133;192.87
2014-05-05;287000.0;3.0;1.0;1450;6000;1.0;0;0;4;1450;0;1953;1983;8681 Beacon Ave S;Seattle;WA 98118;197.93
2014-05-05;2280000.0;7.0;8.0;13540;307752;3.0;0;4;3;9410;4130;1999;0;26408 NE 70th St;Redmond;WA 98053;168.39
2014-05-05;309950.0;3.0;2.5;1880;7838;2.0;0;0;3;1880;0;1994;0;17717 113th Pl SE;Renton;WA 98055;164.87
2014-05-05;600000.0;3.0;1.75;1880;6360;1.0;0;0;4;1040;840;1945;0;8040 39th Ave NE;Seattle;WA 98115;319.15
2014-05-05;418000.0;3.0;2.0;1410;6030;1.5;0;0;4;1410;0;1930;0;901 N 97th St;Seattle;WA 98103;296.45
2014-05-05;449250.0;4.0;2.0;1480;3844;1.5;0;0;5;1480;0;1928;1970;519 N 104th St;Seattle;WA 98133;303.55
2014-05-05;329950.0;2.0;1.0;1140;5250;1.5;0;0;4;1140;0;1949;1985;14017 Roslyn Pl N;Seattle;WA 98133;289.43
2014-05-05;245000.0;3.0;1.75;1920;9306;1.0;0;0;3;1000;920;1984;0;30001-30021 55th Pl S;Auburn;WA 98001;127.6
2014-05-05;549000.0;4.0;2.5;2910;6338;2.0;0;0;3;2910;0;2008;0;16026 SE 137th Terrace;Renton;WA 98059;188.66
2014-05-05;800000.0;3.0;2.5;3240;7857;2.0;0;0;3;3240;0;1994;0;22721-22727 SE 27th St;Sammamish;WA 98075;246.91
2014-05-05;249950.0;3.0;2.0;1550;15040;1.0;0;0;4;1550;0;1958;1972;18027 SE 128th St;Renton;WA 98059;161.26
2014-05-05;210000.0;5.0;2.0;2050;10200;1.0;0;0;3;1430;620;1956;2001;20927-20999 2nd Ave S;Des Moines;WA 98198;102.44
2014-05-05;1425000.0;2.0;2.5;2220;4000;2.0;0;0;3;2220;0;2000;0;1857 41st Ave E;Seattle;WA 98112;641.89
2014-05-05;585000.0;2.0;1.0;1770;8640;1.5;0;0;3;1520;250;1949;1998;353 NW 88th St;Seattle;WA 98117;330.51
2014-05-05;615000.0;4.0;1.75;2300;11700;1.0;0;0;4;1960;340;1977;0;18427 NE 26th Way;Redmond;WA 98052;267.39
2014-05-05;618500.0;3.0;2.0;1800;5000;1.0;0;0;4;1080;720;1942;1982;2803 NE 62nd St;Seattle;WA 98115;343.61
2014-05-05;487585.0;4.0;1.75;2010;9211;1.0;0;0;3;1470;540;1977;2004;13313 127th Pl NE;Kirkland;WA 98034;242.58
2014-05-05;509900.0;3.0;2.5;1790;2700;2.0;0;0;3;1790;0;2010;0;4532 185th Ave SE;Issaquah;WA 98027;284.86
2014-05-05;631625.0;4.0;2.5;2440;6651;2.0;0;0;3;2440;0;2014;0;9288-9358 Holman Rd NW;Seattle;WA 98117;258.86
2014-05-05;555000.0;3.0;2.5;1940;3211;2.0;0;0;3;1940;0;2009;0;4509 185th Ave SE;Issaquah;WA 98027;286.08
2014-05-05;340000.0;2.0;1.5;1160;1438;2.0;0;0;3;1160;0;2001;0;1318 29th Ave S;Seattle;WA 98144;293.1
2014-05-05;830000.0;4.0;2.5;3400;9692;2.0;0;0;3;3400;0;2007;0;12001 173rd Pl NE;Redmond;WA 98052;244.12
2014-05-05;890000.0;4.0;4.25;4420;5750;2.0;0;0;3;3410;1010;2006;0;842 Summerhill Ridge Dr NW;Issaquah;WA 98027;201.36
2014-05-05;366750.0;3.0;3.0;1571;2017;3.0;0;0;3;1571;0;2008;0;14359 19th Ave NE;Seattle;WA 98125;233.45
2014-05-05;415000.0;3.0;2.25;1620;998;2.5;0;0;3;1540;80;2010;0;935 4th Ave NE;Issaquah;WA 98029;256.17
2014-05-05;416286.0;3.0;2.5;1408;989;3.0;0;0;3;1408;0;2005;0;7809 12th Ave NE;Seattle;WA 98115;295.66
2014-05-05;478000.0;3.0;2.5;3040;4535;2.0;0;0;3;3040;0;2007;0;2027 Ferndale Ave NE;Renton;WA 98056;157.24
2014-05-05;890000.0;5.0;3.5;4490;6000;2.0;0;0;3;3200;1290;2006;0;792 Summerhill Ridge Dr NW;Issaquah;WA 98027;198.22
2014-05-05;419190.0;2.0;2.5;1590;1426;2.0;0;0;3;1590;0;2014;0;1273 NE Hickory Ln;Issaquah;WA 98029;263.64
2014-05-05;712198.0;4.0;2.5;2450;4247;2.0;0;0;3;2450;0;2013;1923;17122 NE 117th St;Redmond;WA 98052;290.69
2014-05-06;397000.0;4.0;2.0;1440;7680;1.0;0;0;3;1200;240;1971;0;10601 NE 138th Pl;Kirkland;WA 98034;275.69
2014-05-06;450000.0;2.0;2.0;1100;3000;1.5;0;0;3;1100;0;1912;2005;412 NW 70th St;Seattle;WA 98117;409.09
2014-05-06;353000.0;3.0;1.0;1350;7740;1.0;0;0;4;860;490;1947;1988;11051 35th Ave NE;Seattle;WA 98125;261.48
2014-05-06;609000.0;4.0;2.5;2150;37981;2.0;0;0;3;2150;0;1985;0;18114 NE 136th St;Redmond;WA 98052;283.26
2014-05-06;234000.0;3.0;1.75;1490;8366;1.0;0;0;4;1010;480;1975;0;25305 151st Pl SE;Covington;WA 98042;157.05
2014-05-06;561000.0;3.0;2.0;2000;7000;2.0;0;0;3;2000;0;1916;1986;6422 Marshall Ave SW;Seattle;WA 98136;280.5
2014-05-06;469000.0;2.0;1.0;1030;4400;1.0;0;0;3;1030;0;1924;2011;310 NW 72nd St;Seattle;WA 98117;455.34
2014-05-06;329350.0;2.0;1.0;720;6687;1.0;0;0;3;720;0;1942;1999;9712 4th Ave NW;Seattle;WA 98117;457.43
2014-05-06;488000.0;5.0;2.0;2020;5000;1.5;0;0;4;2020;0;1938;0;9020-9024 11th Ave NW;Seattle;WA 98117;241.58
2014-05-06;279900.0;3.0;1.75;1580;8151;1.0;0;1;4;1100;480;1962;0;1629 S 261st Pl;Des Moines;WA 98198;177.15
2014-05-06;606000.0;4.0;2.5;2110;13850;2.0;0;0;3;2110;0;1987;2000;2755 NW Pine Cone Dr;Issaquah;WA 98027;287.2
2014-05-06;312000.0;4.0;2.0;1300;7054;1.0;0;0;3;1300;0;1950;2013;2815 SW 107th St;Seattle;WA 98146;240.0
2014-05-06;650000.0;3.0;1.5;1630;7475;1.0;0;1;3;1160;470;1940;1996;6009 52nd Ave NE;Seattle;WA 98115;398.77
2014-05-06;1135000.0;4.0;2.75;3370;8103;1.0;0;3;3;1970;1400;1970;2014;3922 SW Henderson St;Seattle;WA 98136;336.8
2014-05-06;325000.0;4.0;2.5;1890;6156;1.0;0;0;3;980;910;1980;0;5631 17th Ave SW;Seattle;WA 98106;171.96
2014-05-06;425000.0;4.0;2.0;1520;7983;1.0;0;0;5;1520;0;1967;0;14876 Juanita Woodinville Way NE;Inglewood-Finn Hill;WA 98034;279.61
2014-05-06;219000.0;2.0;1.0;900;5160;1.0;0;0;3;900;0;1952;2008;8652 17th Ave SW;Seattle;WA 98106;243.33
2014-05-06;250000.0;3.0;1.0;1050;6874;1.0;0;0;3;1050;0;1954;2005;18305 Dayton Ave N;Shoreline;WA 98133;238.1
2014-05-06;390000.0;3.0;1.75;1260;6500;1.0;0;0;4;1260;0;1966;0;1415 168th Ave NE;Bellevue;WA 98008;309.52
2014-05-06;475000.0;6.0;3.0;3470;117612;1.5;0;0;3;3470;0;1924;2011;19007 80th Ave NE;Kenmore;WA 98028;136.89
2014-05-06;736000.0;4.0;2.5;2290;12047;2.0;0;0;4;2290;0;1988;0;17435 SE 47th St;Bellevue;WA 98006;321.4
2014-05-06;407000.0;4.0;2.25;2810;23400;1.0;0;1;3;1710;1100;1958;2004;23024-23198 17th Ave S;Des Moines;WA 98198;144.84
2014-05-06;272000.0;3.0;2.5;1650;13816;2.0;0;0;3;1650;0;1998;2006;32000-32072 NE 55th St;Carnation;WA 98014;164.85
2014-05-06;362000.0;3.0;2.25;1640;14374;1.0;0;0;4;1140;500;1963;0;17253 Ambaum Blvd S;Burien;WA 98148;220.73
2014-05-06;535000.0;3.0;2.5;1850;10109;2.0;0;0;3;1850;0;1991;0;8409 NE 129th Pl;Kirkland;WA 98034;289.19
2014-05-06;284000.0;4.0;2.5;2000;5390;2.0;0;0;3;2000;0;2003;0;25434 160th Ave SE;Kent;WA 98042;142.0
2014-05-06;367500.0;3.0;1.5;1410;9647;1.0;0;0;3;1410;0;1961;2004;18048 3rd Ave NW;Shoreline;WA 98177;260.64
2014-05-06;379900.0;4.0;1.75;1500;11600;1.0;0;0;4;1000;500;1955;2009;15007 75th Ave NE;Kenmore;WA 98028;253.27
2014-05-06;520000.0;3.0;2.5;2460;54885;2.0;0;0;4;2460;0;1980;0;5424 NE 10th St;Renton;WA 98059;211.38
2014-05-06;175000.0;3.0;1.0;1010;7034;1.0;0;0;3;1010;0;1954;2005;207 NW 5th St;Renton;WA 98057;173.27
2014-05-06;460000.0;2.0;2.25;1230;929;2.0;0;0;3;1020;210;2004;2003;100 24th Ave E;Seattle;WA 98112;373.98
2014-05-06;345000.0;4.0;2.5;2331;3826;2.0;0;0;3;2331;0;2007;0;11853 SE 176th Ct;Renton;WA 98058;148.01
2014-05-06;455000.0;5.0;2.5;2240;7770;1.0;0;0;3;1340;900;1978;0;12633 NE 133rd Pl;Kirkland;WA 98034;203.12
2014-05-06;610000.0;4.0;3.0;2450;10117;1.0;0;0;5;1580;870;1967;0;15607 SE 42nd Ct;Bellevue;WA 98006;248.98
2014-05-06;563000.0;4.0;3.0;3100;15480;2.0;0;0;3;2400;700;1996;0;7422 NE 163rd St;Kenmore;WA 98028;181.61
2014-05-06;612500.0;4.0;2.0;2060;5000;1.0;0;0;3;1030;1030;1949;2013;1708 NW 96th St;Seattle;WA 98117;297.33
2014-05-06;218000.0;3.0;1.75;1850;7684;1.0;0;0;3;1320;530;1979;2014;33945 28th Pl SW;Federal Way;WA 98023;117.84
2014-05-06;404000.0;4.0;1.75;1840;10720;1.0;0;0;3;960;880;1958;2004;16020 SE 2nd St;Bellevue;WA 98008;219.57
2014-05-06;860000.0;4.0;2.0;3740;32417;2.0;0;0;3;3740;0;2000;0;24507 NE 77th Pl;Redmond;WA 98053;229.95
2014-05-06;136500.0;3.0;1.5;1420;8580;1.0;0;0;3;1420;0;1962;2003;32827 22nd Ave SW;Federal Way;WA 98023;96.13
2014-05-06;313950.0;3.0;1.0;1510;6083;1.0;0;0;4;860;650;1940;2001;415 NE 94th St;Seattle;WA 98115;207.91
2014-05-06;575000.0;3.0;1.75;2130;6500;1.0;0;2;3;1170;960;1954;2005;2214 W Halladay St;Seattle;WA 98199;269.95
2014-05-06;1225000.0;4.0;2.25;3490;6906;2.0;0;0;4;2280;1210;1928;0;2560 39th Ave W;Seattle;WA 98199;351.0
2014-05-06;280000.0;3.0;1.75;1630;11800;1.0;0;0;4;1630;0;1971;0;12525 458th Ave SE;North Bend;WA 98045;171.78
2014-05-06;515000.0;3.0;2.5;1790;7167;2.0;0;0;3;1790;0;1989;0;920 221st Ave NE;Sammamish;WA 98074;287.71
2014-05-06;513000.0;4.0;2.5;2000;5684;2.0;0;0;3;2000;0;1996;0;9041 NE 160th Pl;Kenmore;WA 98028;256.5
2014-05-06;599000.0;4.0;2.25;2260;29930;2.0;0;0;4;1400;860;1977;0;16022 SE 43rd St;Bellevue;WA 98006;265.04
2014-05-06;685000.0;4.0;2.5;3030;7864;2.0;0;0;3;3030;0;1999;0;24201 SE 1st Pl;Sammamish;WA 98074;226.07
2014-05-06;365000.0;3.0;1.5;1310;8160;1.0;0;0;3;1310;0;1950;2005;13714 Ashworth Ave N;Seattle;WA 98133;278.63
2014-05-06;762300.0;4.0;2.5;3880;14550;2.0;0;0;3;3880;0;1987;2000;22344 NE 31st St;Sammamish;WA 98074;196.47
2014-05-06;1580000.0;4.0;3.25;3760;10920;1.5;0;0;5;2400;1360;1950;0;5650 NE 55th St;Seattle;WA 98105;420.21
2014-05-06;562000.0;5.0;2.25;3040;8111;2.0;0;0;3;3040;0;1984;0;17649 NE 129th Pl;Redmond;WA 98052;184.87
2014-05-06;530000.0;5.0;2.5;2910;9636;1.0;0;0;4;1690;1220;1964;0;3250 165th Ave SE;Bellevue;WA 98008;182.13
2014-05-06;525000.0;3.0;2.5;2970;11985;1.0;0;0;3;1770;1200;1995;0;21603 NE 29th St;Sammamish;WA 98074;176.77
2014-05-06;484000.0;2.0;1.75;1660;6000;1.0;0;0;3;1160;500;1942;1999;4711 University View Pl NE;Seattle;WA 98105;291.57
2014-05-06;725126.0;4.0;2.5;3200;12369;2.0;0;0;3;3200;0;1998;2006;14707 SE 84th St;Newcastle;WA 98059;226.6
2014-05-06;360000.0;4.0;2.0;2680;18768;1.0;0;0;5;2680;0;1965;0;31607-31633 44th Ave S;Auburn;WA 98001;134.33
2014-05-06;387000.0;3.0;1.0;1230;9568;1.0;0;0;5;1230;0;1962;0;12116 SE 71st Pl;Newcastle;WA 98056;314.63
2014-05-06;483500.0;4.0;2.5;2740;45732;2.0;0;0;3;2740;0;1995;0;15418 216th Ave NE;Woodinville;WA 98077;176.46
2014-05-06;655500.0;4.0;3.5;3380;8330;2.0;0;0;3;3380;0;2000;0;1703 NW 200th Ln;Shoreline;WA 98177;193.93
2014-05-06;345000.0;3.0;1.0;1110;6250;1.0;0;0;3;1110;0;1956;2001;3230 NE 95th St;Seattle;WA 98115;310.81
2014-05-06;533000.0;5.0;2.75;1800;3780;1.5;0;0;3;1400;400;1926;2003;7434 Winona Ave N;Seattle;WA 98103;296.11
2014-05-06;385000.0;3.0;1.75;1900;5520;1.0;0;0;3;1280;620;1982;0;5215 32nd Ave S;Seattle;WA 98118;202.63
2014-05-06;675000.0;2.0;1.0;930;36478;1.0;0;2;3;930;0;1951;1994;4206 SE Newport Way;Bellevue;WA 98006;725.81
2014-05-06;197000.0;3.0;1.75;1690;7735;1.0;0;0;4;1060;630;1976;1992;30020 43rd Pl S;Auburn;WA 98001;116.57
2014-05-06;485000.0;3.0;2.0;1420;4080;1.5;0;0;3;1420;0;1905;2013;720 N 80th St;Seattle;WA 98103;341.55
2014-05-06;1870000.0;5.0;4.0;4510;15175;2.0;0;0;3;4510;0;1969;2002;8300 SE 82nd St;Mercer Island;WA 98040;414.63
2014-05-06;295000.0;3.0;2.25;1980;8000;1.0;0;0;4;1560;420;1974;0;31966 36th Ave SW;Federal Way;WA 98023;148.99
2014-05-06;499000.0;2.0;1.75;1170;2400;1.0;0;0;4;740;430;1903;0;2112 N 50th St;Seattle;WA 98103;426.5
2014-05-06;1050000.0;3.0;2.5;2200;1970;2.0;0;0;3;1610;590;2008;0;2516 Yale Ave E;Seattle;WA 98102;477.27
2014-05-06;191000.0;3.0;1.5;800;8850;1.0;0;0;4;800;0;1959;0;1003 SW 307th St;Federal Way;WA 98023;238.75
2014-05-06;500000.0;3.0;2.5;1480;1171;3.0;0;0;3;1480;0;2006;0;135 25th Ave E;Seattle;WA 98112;337.84
2014-05-06;390000.0;5.0;3.75;2890;5000;1.0;0;0;3;1310;1580;2006;0;3665 Renton Ave S;Seattle;WA 98144;134.95
2014-05-06;979000.0;3.0;2.5;2690;4047;3.0;0;0;3;2690;0;2014;0;7000 23rd Ave NW;Seattle;WA 98117;363.94
2014-05-06;580000.0;4.0;3.25;3569;8327;2.0;0;0;3;3569;0;2013;1923;710 S 23rd St;Renton;WA 98055;162.51
2014-05-06;369950.0;3.0;2.0;1270;1320;3.0;0;0;3;1270;0;2006;0;8846 Midvale Ave N;Seattle;WA 98103;291.3
2014-05-06;1800000.0;5.0;5.0;4490;10279;2.0;0;0;3;3930;560;2013;1923;1435 104th Ave SE;Bellevue;WA 98004;400.89
2014-05-06;776000.0;4.0;2.5;3040;6425;2.0;0;0;3;3040;0;2008;0;16775 NE 86th Ct;Redmond;WA 98052;255.26
2014-05-07;519950.0;3.0;2.25;1170;1249;3.0;0;0;3;1170;0;2014;0;1749 NW 60th St;Seattle;WA 98107;444.4
2014-05-07;255000.0;5.0;2.25;2060;8632;1.0;0;0;3;1030;1030;1962;2003;105 SW 129th St;Burien;WA 98146;123.79
2014-05-07;495000.0;3.0;1.0;990;6000;1.0;0;0;3;990;0;1943;2002;5628 NE 59th St;Seattle;WA 98105;500.0
2014-05-07;510000.0;4.0;2.5;2430;5203;2.0;0;0;3;2430;0;2003;0;1028 NE 153rd Ct;Shoreline;WA 98155;209.88
2014-05-07;1150000.0;4.0;4.0;4460;103382;2.0;0;0;3;4460;0;2001;0;25823 NE 30th Ct;Redmond;WA 98053;257.85
2014-05-07;253000.0;3.0;1.75;1250;10122;1.0;0;0;3;1250;0;1994;0;25502 Kanasket Dr;Black Diamond;WA 98010;202.4
2014-05-07;503000.0;3.0;2.75;1540;6760;1.0;0;0;5;1210;330;1980;0;9626 NE 129th Pl;Kirkland;WA 98034;326.62
2014-05-07;275000.0;3.0;2.5;1600;7000;2.0;0;0;4;1600;0;1993;0;21326 SE 277th Pl;Maple Valley;WA 98038;171.88
2014-05-07;249000.0;3.0;1.0;1110;8423;1.0;0;0;3;1110;0;1952;2008;14613 6th Ave SW;Burien;WA 98166;224.32
2014-05-07;310000.0;3.0;1.75;1840;10723;1.0;0;0;4;1220;620;1974;0;19313 140th Pl SE;Renton;WA 98058;168.48
2014-05-07;750000.0;3.0;2.75;2520;5401;1.0;0;0;4;1360;1160;1946;1989;2806 13th Ave W;Seattle;WA 98119;297.62
2014-05-07;630000.0;3.0;2.5;2680;327135;2.0;0;0;3;2680;0;1995;0;25339 SE 248th St;Ravensdale;WA 98051;235.07
2014-05-07;599999.0;9.0;4.5;3830;6988;2.5;0;0;3;2450;1380;1938;2003;8809 Densmore Ave N;Seattle;WA 98103;156.66
2014-05-07;758000.0;4.0;2.75;2410;9549;1.0;0;0;4;1780;630;1956;0;10627 NE 45th St;Kirkland;WA 98033;314.52
2014-05-07;248500.0;4.0;1.75;1720;10018;1.0;0;0;5;1720;0;1960;0;16635 SE 268th St;Covington;WA 98042;144.48
2014-05-07;310000.0;3.0;1.75;2070;37904;1.0;0;0;4;1420;650;1973;0;19654 116th Ave SE;Kent;WA 98031;149.76
2014-05-07;460000.0;3.0;2.0;1760;9055;2.0;0;0;4;1760;0;1985;0;5003 159th Ct NE;Redmond;WA 98052;261.36
2014-05-07;675000.0;3.0;1.75;1680;10500;1.0;0;0;4;1680;0;1959;0;4 128th Ave SE;Bellevue;WA 98005;401.79
2014-05-07;526000.0;2.0;2.0;1550;2400;1.5;0;0;4;1550;0;1900;1971;3845 Whitman Ave N;Seattle;WA 98103;339.35
2014-05-07;560000.0;3.0;3.0;4120;60392;2.0;0;2;3;3180;940;1994;0;32223 NE 88th St;Carnation;WA 98014;135.92
2014-05-07;415000.0;4.0;3.0;1830;9548;2.0;0;0;3;1830;0;1991;0;15204 88th Ave NE;Bothell;WA 98028;226.78
2014-05-07;246000.0;3.0;1.0;1400;7410;1.0;0;0;3;1400;0;1944;0;624 SW 137th St;Burien;WA 98166;175.71
2014-05-07;314500.0;3.0;1.75;1870;12381;1.0;0;0;4;1870;0;1957;2001;29645 10th Pl S;Federal Way;WA 98003;168.18
2014-05-07;3200000.0;7.0;4.5;6210;8856;2.5;0;2;5;4760;1450;1910;0;1230 Warren Ave N;Seattle;WA 98109;515.3
2014-05-07;420000.0;2.0;1.5;1040;3500;1.5;0;0;4;1040;0;1904;0;1713 22nd Ave S;Seattle;WA 98144;403.85
2014-05-07;535000.0;3.0;1.75;2720;149410;1.5;0;0;3;2720;0;1988;2000;33331 NE Lake Joy Rd;Carnation;WA 98014;196.69
2014-05-07;350000.0;3.0;1.0;1010;9360;1.0;0;0;3;1010;0;1981;2013;9703 130th Ave NE;Kirkland;WA 98033;346.53
2014-05-07;515000.0;3.0;1.75;1580;9147;1.0;0;1;4;1210;370;1967;0;234 W Lake Sammamish Pkwy SE;Bellevue;WA 98008;325.95
2014-05-07;749950.0;4.0;2.75;2600;6050;2.0;0;0;5;1960;640;1949;0;4140 53rd Ave SW;Seattle;WA 98116;288.44
2014-05-07;230000.0;3.0;2.5;1920;9180;2.0;0;0;3;1920;0;1988;2000;206 Oakesdale Ave SW;Renton;WA 98057;119.79
2014-05-07;568000.0;3.0;2.0;2350;5080;1.5;0;0;3;1780;570;1929;0;5531 Seward Park Ave S;Seattle;WA 98118;241.7
2014-05-07;250000.0;1.0;1.0;1100;4373;1.0;0;0;2;820;280;1947;0;232 SW 154th St;Burien;WA 98166;227.27
2014-05-07;581000.0;4.0;2.0;2510;13695;1.0;0;0;4;1280;1230;1961;2001;11105 126th Ave NE;Kirkland;WA 98033;231.47
2014-05-07;651000.0;3.0;2.5;3240;108366;2.0;0;0;4;3240;0;1991;0;18611 SE 307th Ln;Kent;WA 98042;200.93
2014-05-07;600000.0;3.0;2.5;2460;108900;1.0;0;0;4;1860;600;1977;0;25525 SE 133rd St;Issaquah;WA 98027;243.9
2014-05-07;500000.0;2.0;1.0;1010;3885;1.5;0;0;4;1010;0;1906;1990;331 22nd Ave E;Seattle;WA 98112;495.05
2014-05-07;475000.0;2.0;1.0;820;2723;1.0;0;0;3;820;0;1921;2000;4602 Woodlawn Ave N;Seattle;WA 98103;579.27
2014-05-07;352000.0;5.0;2.5;2420;8560;1.0;0;2;3;1620;800;1978;0;3723 S Chicago St;Seattle;WA 98118;145.45
2014-05-07;420000.0;3.0;2.25;1770;8165;2.0;0;0;3;1770;0;1977;2004;12921 79th Pl NE;Kirkland;WA 98034;237.29
2014-05-07;428000.0;2.0;2.0;1350;3900;1.0;0;0;3;1350;0;2003;0;232nd Way;Redmond;WA 98053;317.04
2014-05-07;599000.0;3.0;1.75;1960;4788;1.0;0;0;4;1090;870;1920;0;6253-6299 15th Ave NE;Seattle;WA 98115;305.61
2014-05-07;492000.0;4.0;2.5;3305;16164;1.5;0;0;5;2245;1060;1922;1956;1718 N 175th St;Shoreline;WA 98133;148.87
2014-05-07;630000.0;2.0;2.25;2550;5663;1.0;0;0;3;1720;830;2011;0;1225 N 41st Pl;Renton;WA 98056;247.06
2014-05-07;900000.0;5.0;3.75;4130;226076;2.0;0;0;3;3170;960;1985;0;12809-12907 206th Ave NE;Woodinville;WA 98077;217.92
2014-05-07;1110000.0;4.0;1.5;2310;13300;1.0;0;0;3;1890;420;1950;2005;9724 NE 14th St;Clyde Hill;WA 98004;480.52
2014-05-07;575000.0;4.0;2.0;1650;5000;1.0;0;0;3;1650;0;1955;2005;6708 14th Ave NW;Seattle;WA 98117;348.48
2014-05-07;705000.0;4.0;2.5;2650;4316;1.5;0;0;3;1520;1130;1905;2013;1902 45th Ave SW;Seattle;WA 98116;266.04
2014-05-07;940000.0;4.0;2.25;1890;5940;1.0;0;1;3;1470;420;1963;2008;1234 22nd Ave E;Seattle;WA 98112;497.35
2014-05-07;313000.0;3.0;1.75;2190;8000;1.0;0;0;4;2190;0;1967;0;32631 39th Ave SW;Federal Way;WA 98023;142.92
2014-05-07;618080.0;3.0;2.5;2030;6500;2.0;0;0;3;2030;0;1988;2000;4421-4564 186th Ave SE;Issaquah;WA 98027;304.47
2014-05-07;640000.0;3.0;3.0;2270;5175;2.0;0;0;3;2130;140;2002;0;1200 N 27th Pl;Renton;WA 98056;281.94
2014-05-07;485000.0;3.0;2.0;1610;4160;1.0;0;0;4;1010;600;1917;0;4313 SW Willow St;Seattle;WA 98136;301.24
2014-05-07;300000.0;2.0;1.0;760;3001;1.0;0;0;3;760;0;1913;1983;1761 17th Ave S;Seattle;WA 98144;394.74
2014-05-07;379500.0;2.0;1.0;1640;17335;1.0;0;0;3;840;800;1978;0;3301-3389 289th Ave NE;Redmond;WA 98053;231.4
2014-05-07;339950.0;3.0;2.25;1630;12295;2.0;0;0;4;1630;0;1985;0;19501 135th Ave SE;Renton;WA 98058;208.56
2014-05-07;1500000.0;6.0;2.5;3560;6480;2.5;0;0;4;3560;0;1914;1945;903 22nd Ave E;Seattle;WA 98112;421.35
2014-05-07;1340000.0;3.0;3.0;2960;5500;2.0;0;2;3;2440;520;1937;1990;3529 W Howe St;Seattle;WA 98199;452.7
2014-05-07;500000.0;3.0;2.5;1940;37565;1.0;0;0;4;1940;0;1987;0;20821 SE 135th St;Issaquah;WA 98027;257.73
2014-05-07;239900.0;3.0;2.0;1410;7566;1.0;0;0;3;1410;0;1985;0;11907 SE 261st Pl;Kent;WA 98030;170.14
2014-05-07;314950.0;3.0;1.0;1040;16986;1.0;0;0;4;1040;0;1968;0;18227 SE 135th St;Renton;WA 98059;302.84
2014-05-07;361280.0;2.0;1.0;820;6400;1.0;0;0;4;820;0;1944;0;5902 37th Ave SW;Seattle;WA 98126;440.59
2014-05-07;100000.0;2.0;1.0;910;22000;1.0;0;0;3;910;0;1956;2001;138 Seattle Blvd S;Algona;WA 98001;109.89
2014-05-07;540000.0;7.0;5.75;3700;7647;2.0;0;1;3;3700;0;1948;1984;15007-15299 37th Ave NE;Lake Forest Park;WA 98155;145.95
2014-05-07;480500.0;4.0;2.5;2180;11200;1.0;0;0;4;2180;0;1968;0;18911 NE 165th Pl;Woodinville;WA 98072;220.41
2014-05-07;280000.0;3.0;2.5;1600;4271;2.0;0;0;3;1600;0;2000;0;5146 S 303rd Pl;Auburn;WA 98001;175.0
2014-05-07;440000.0;3.0;1.75;1500;6180;1.0;0;0;4;1060;440;1947;1988;3827 39th Ave S;Seattle;WA 98118;293.33
2014-05-07;530000.0;3.0;1.0;1340;4284;1.0;0;0;3;1080;260;1910;2006;4703-4707 4th Ave NE;Seattle;WA 98105;395.52
2014-05-07;560000.0;3.0;2.0;1860;13374;1.0;0;0;3;1860;0;1985;0;1010 NW Inneswood Dr;Issaquah;WA 98027;301.08
2014-05-07;775000.0;3.0;2.0;2540;7200;1.5;0;3;4;1600;940;1905;0;517 32nd Ave S;Seattle;WA 98144;305.12
2014-05-07;160000.0;2.0;1.0;1040;13100;1.0;0;0;5;1040;0;1912;0;733 1st Ave N;Kent;WA 98032;153.85
2014-05-07;209950.0;3.0;1.5;1380;11130;1.0;0;0;3;1380;0;1960;2012;32016 8th Ave S;Federal Way;WA 98003;152.14
2014-05-07;226500.0;3.0;1.75;1640;10762;1.0;0;0;3;1130;510;1988;2000;27000-27080 201st Ave SE;Covington;WA 98042;138.11
2014-05-07;380000.0;5.0;1.75;3000;6000;1.0;0;0;5;1500;1500;1958;0;8514 S 124th St;Seattle;WA 98178;126.67
2014-05-07;409500.0;4.0;2.75;2140;13000;1.0;0;0;3;1320;820;1968;1997;19302 65th Pl NE;Kenmore;WA 98028;191.36
2014-05-07;690000.0;3.0;2.0;1760;6428;1.0;0;0;4;980;780;1942;1982;2145 Condon Way W;Seattle;WA 98199;392.05
2014-05-07;405000.0;3.0;2.25;1660;8307;1.0;0;0;4;1660;0;1961;2001;605 N 178th St;Shoreline;WA 98133;243.98
2014-05-07;375000.0;3.0;2.5;1830;13042;2.0;0;0;3;1830;0;1990;2009;25408 Lake Wilderness Country Club Dr SE;Maple Valley;WA 98038;204.92
2014-05-07;794154.0;4.0;2.0;2210;8556;1.0;0;1;4;1210;1000;1954;1979;3235 30th Ave W;Seattle;WA 98199;359.35
2014-05-07;185000.0;4.0;1.0;1490;6600;1.0;0;0;3;1490;0;1969;2010;13248 Occidental Ave S;Burien;WA 98168;124.16
2014-05-07;245000.0;3.0;1.5;1260;1270;2.0;0;0;3;1040;220;2005;0;11304 Corliss Ave N;Seattle;WA 98133;194.44
2014-05-07;1532500.0;5.0;4.5;4270;8076;2.0;0;0;3;3400;870;2007;0;11017 101st Pl NE;Kirkland;WA 98033;358.9
2014-05-07;1040000.0;4.0;3.5;3900;8391;2.0;0;0;3;3900;0;2006;0;10908 101st Pl NE;Kirkland;WA 98033;266.67
2014-05-07;425000.0;2.0;2.5;1150;1027;3.0;0;0;3;1150;0;2008;0;3631 Greenwood Ave N;Seattle;WA 98103;369.57
2014-05-07;495000.0;4.0;2.75;2656;21195;2.0;0;0;3;2656;0;2014;0;31898 50th Pl S;Auburn;WA 98001;186.37
2014-05-07;365000.0;5.0;2.75;2410;5003;1.0;0;0;3;1410;1000;2008;0;7956 46th Ave S;Seattle;WA 98118;151.45
2014-05-07;417250.0;3.0;2.25;1606;1452;3.0;0;0;3;1606;0;2009;0;12303 Sand Point Way NE;Seattle;WA 98125;259.81
2014-05-07;339950.0;2.0;1.0;820;681;3.0;0;0;3;820;0;2006;0;513 N 46th St;Seattle;WA 98103;414.57
2014-05-08;615000.0;2.0;1.0;1540;6872;1.0;0;0;4;820;720;1946;1989;2814 13th Ave W;Seattle;WA 98119;399.35
2014-05-08;403000.0;3.0;2.75;2090;8354;2.0;0;0;3;2090;0;2012;1912;27930 NE 147th Pl;Duvall;WA 98019;192.82
2014-05-08;980000.0;5.0;2.5;3160;11470;1.0;0;0;4;1780;1380;1971;0;7401 92nd Pl SE;Mercer Island;WA 98040;310.13
2014-05-08;258000.0;4.0;1.75;1730;8320;1.0;0;0;3;1230;500;1977;2004;30633 21st Ave SW;Federal Way;WA 98023;149.13
2014-05-08;533000.0;3.0;1.0;1670;4080;1.0;0;0;3;1170;500;1967;2011;544 NE 84th St;Seattle;WA 98115;319.16
2014-05-08;537500.0;4.0;2.5;2550;4630;2.0;0;0;3;2550;0;2005;0;1825 251st Pl SE;Sammamish;WA 98075;210.78
2014-05-08;830000.0;5.0;3.0;3040;9601;1.0;0;0;5;1970;1070;1968;0;5200-5298 90th Ave SE;Mercer Island;WA 98040;273.03
2014-05-08;712000.0;3.0;1.0;1250;4620;1.5;0;0;4;1150;100;1900;1971;3612 Interlake Ave N;Seattle;WA 98103;569.6
2014-05-08;262000.0;4.0;2.5;2020;6236;2.0;0;0;3;2020;0;2002;0;434 Pullman Ave;Algona;WA 98001;129.7
2014-05-08;753888.0;4.0;2.5;2660;5500;2.0;0;2;3;2660;0;2003;0;1669 28th Ave NE;Issaquah;WA 98029;283.42
2014-05-08;134000.0;2.0;1.5;980;5000;2.0;0;0;3;980;0;1922;2003;235 Thelma St;Skykomish;WA 98288;136.73
2014-05-08;402000.0;3.0;2.5;1960;8000;1.0;0;0;4;1290;670;1977;0;12207 NE 139th Pl;Kirkland;WA 98034;205.1
2014-05-08;205000.0;2.0;1.0;720;5040;1.0;0;0;3;720;0;1955;2005;8448 Delridge Way SW;Seattle;WA 98106;284.72
2014-05-08;553650.0;2.0;2.5;1360;1349;2.0;0;0;3;1050;310;1997;0;624 Lake Washington Blvd E;Seattle;WA 98112;407.1
2014-05-08;559950.0;2.0;2.0;1870;4950;1.0;0;0;3;1870;0;2006;0;23733 NE Salal Pl;Redmond;WA 98053;299.44
2014-05-08;260000.0;4.0;1.5;2130;8800;1.0;0;0;3;1100;1030;1962;2003;24345 35th Pl S;Kent;WA 98032;122.07
2014-05-08;270000.0;4.0;2.5;1810;6509;2.0;0;0;3;1810;0;1994;0;14816 SE 278th St;Kent;WA 98042;149.17
2014-05-08;295000.0;2.0;1.75;2200;89298;1.0;0;0;3;1100;1100;1973;2013;27469-27501 SE 154th Pl;Issaquah;WA 98027;134.09
2014-05-08;719000.0;3.0;2.5;1690;4500;1.5;0;1;4;1690;0;1928;0;4022 SW Walker St;Seattle;WA 98116;425.44
2014-05-08;266000.0;3.0;2.5;1940;8547;1.0;0;0;3;1460;480;1989;0;28123 123rd Pl SE;Kent;WA 98030;137.11
2014-05-08;325900.0;4.0;2.5;2320;6270;2.0;0;0;3;2320;0;2004;2003;15020 SE 281st St;Kent;WA 98042;140.47
2014-05-08;647500.0;4.0;1.75;2060;26036;1.0;0;0;4;1160;900;1947;1988;17622 12th Ave SW;Normandy Park;WA 98166;314.32
2014-05-08;1039000.0;4.0;1.0;3410;5000;2.0;0;0;5;2190;1220;1910;0;2509 33rd Ave S;Seattle;WA 98144;304.69
2014-05-08;569000.0;4.0;2.25;2250;41688;2.0;0;0;3;2250;0;1980;0;7304 217th Pl NE;Redmond;WA 98053;252.89
2014-05-08;246000.0;3.0;1.75;1390;7399;1.0;0;0;4;1390;0;1975;0;11921 SE 205th St;Kent;WA 98031;176.98
2014-05-08;515000.0;2.0;1.0;1060;4960;1.0;0;0;3;1060;0;1926;2003;8230 Corliss Ave N;Seattle;WA 98103;485.85
2014-05-08;207000.0;3.0;1.0;1490;8995;1.0;0;0;4;1490;0;1954;1979;12612 23rd Ave S;Seattle;WA 98168;138.93
2014-05-08;780000.0;4.0;1.75;2480;9195;1.0;0;0;3;1390;1090;1950;2005;3002 109th Ave SE;Bellevue;WA 98004;314.52
2014-05-08;489990.0;5.0;2.25;2440;20828;1.5;0;0;4;2440;0;1975;0;13711 SE 251 Pl;Kent;WA 98042;200.82
2014-05-08;335000.0;3.0;1.5;2240;87625;1.5;0;0;2;1480;760;1980;0;18748 SE 330th St;Auburn;WA 98092;149.55
2014-05-08;295000.0;3.0;2.5;1920;7229;2.0;0;0;3;1920;0;1993;0;1914 S 375th St;Federal Way;WA 98003;153.65
2014-05-08;385000.0;3.0;1.75;1890;9920;1.0;0;0;3;1230;660;1944;0;14317 22nd Ave NE;Seattle;WA 98125;203.7
2014-05-08;350000.0;4.0;1.75;2250;13515;1.0;0;0;4;2150;100;1940;2001;468 Scenic Way;Kent;WA 98030;155.56
2014-05-08;235000.0;2.0;1.0;1270;3008;1.0;0;0;4;650;620;1923;0;4305 S Webster St;Seattle;WA 98118;185.04
2014-05-08;358000.0;2.0;1.5;960;1808;2.0;0;0;3;960;0;1993;0;1816 26th Ave;Seattle;WA 98122;372.92
2014-05-08;716500.0;4.0;2.5;3290;6465;2.0;0;0;3;3290;0;2002;0;1031 272nd Pl SE;Sammamish;WA 98075;217.78
2014-05-08;228000.0;4.0;1.75;2000;6120;1.0;0;0;3;1100;900;1965;1993;5933 S Eastwood Dr;Seattle;WA 98178;114.0
2014-05-08;405000.0;2.0;1.0;1020;8155;1.0;0;0;4;1020;0;1948;0;13221 3rd Ave NW;Seattle;WA 98177;397.06
2014-05-08;538000.0;4.0;1.75;1840;9600;1.0;0;0;3;1220;620;1967;2011;5524 161st Pl NE;Redmond;WA 98052;292.39
2014-05-08;530000.0;3.0;1.75;1980;6760;1.0;0;0;4;1980;0;1973;0;3220 170th Ave NE;Bellevue;WA 98008;267.68
2014-05-08;1750000.0;6.0;3.0;3510;5760;2.5;0;0;4;3510;0;1906;1990;806 15th Ave E;Seattle;WA 98112;498.58
2014-05-08;636000.0;2.0;1.75;1230;3600;1.5;0;0;5;1230;0;1925;0;2561 3rd Ave W;Seattle;WA 98119;517.07
2014-05-08;535000.0;4.0;2.5;2280;65836;2.0;0;0;3;2280;0;2004;2003;13812 196th Ave NE;Woodinville;WA 98077;234.65
2014-05-08;1500000.0;3.0;1.75;2430;12757;1.0;0;2;4;1340;1090;1952;0;9842 Vineyard Crest;Bellevue;WA 98004;617.28
2014-05-08;868500.0;3.0;2.5;2920;3942;3.0;0;0;3;2920;0;2008;0;1012 N 42nd Pl;Renton;WA 98056;297.43
2014-05-08;530000.0;4.0;2.75;2280;2850;1.5;0;0;4;1540;740;1930;0;8013 20th Ave NE;Seattle;WA 98115;232.46
2014-05-08;450000.0;3.0;2.0;1510;43560;1.0;0;0;3;1510;0;1954;2005;13611 Bear Creek Rd NE;Woodinville;WA 98077;298.01
2014-05-08;230000.0;3.0;1.75;950;6000;1.0;0;0;3;790;160;1939;1969;1237 S Sullivan St;Seattle;WA 98108;242.11
2014-05-08;229000.0;3.0;2.5;1190;3000;2.0;0;0;3;1190;0;2002;0;12227 47th Ave S;Tukwila;WA 98178;192.44
2014-05-08;437000.0;3.0;1.75;1310;9282;1.0;0;0;4;1310;0;1976;1992;17128 NE 92nd St;Redmond;WA 98052;333.59
2014-05-08;1307000.0;5.0;3.25;2800;3200;1.5;0;0;5;1910;890;1932;2002;365 Halladay St;Seattle;WA 98109;466.79
2014-05-08;595000.0;3.0;2.5;1750;3354;2.0;0;0;4;1750;0;1991;0;10621 NE 107th Pl;Kirkland;WA 98033;340.0
2014-05-08;660000.0;3.0;1.75;1320;5750;1.5;0;0;5;1320;0;1918;0;2121 46th Ave SW;Seattle;WA 98116;500.0
2014-05-08;347500.0;4.0;2.5;2460;7350;2.0;0;0;3;2460;0;1989;0;32817 10th Pl SW;Federal Way;WA 98023;141.26
2014-05-08;297950.0;3.0;2.0;1240;10800;1.0;0;0;3;1240;0;1967;2010;17109 139th Pl SE;Renton;WA 98058;240.28
2014-05-08;245000.0;3.0;1.5;1260;7964;1.0;0;0;4;1260;0;1955;2009;168 S 192nd Pl;Des Moines;WA 98148;194.44
2014-05-08;543200.0;6.0;2.25;2820;15600;1.5;0;2;5;1970;850;1940;0;15451 22nd Ave SW;Burien;WA 98166;192.62
2014-05-08;1250000.0;4.0;3.25;3820;24166;2.0;0;1;4;3310;510;1990;0;8565 E Mercer Way;Mercer Island;WA 98040;327.23
2014-05-08;413450.0;3.0;2.5;1540;1614;3.0;0;0;3;1470;70;2008;0;9202A Interlake Ave N;Seattle;WA 98103;268.47
2014-05-08;330000.0;2.0;2.0;1550;435600;1.5;0;0;2;1550;0;1972;0;36521 SE 94th St;Snoqualmie;WA 98065;212.9
2014-05-08;424500.0;3.0;1.75;1460;7700;1.0;0;0;3;1460;0;1979;2014;15917 NE 109th Way;Redmond;WA 98052;290.75
2014-05-08;230000.0;3.0;1.0;1390;16000;1.0;0;0;4;1390;0;1960;2001;322 9th Ave N;Algona;WA 98001;165.47
2014-05-08;930000.0;3.0;3.25;2640;4080;2.0;0;0;3;1840;800;1912;2000;4714 Thackeray Pl NE;Seattle;WA 98105;352.27
2014-05-08;349000.0;3.0;1.75;1590;9620;1.0;0;0;3;1590;0;1988;2000;4924 SE 2nd Pl;Renton;WA 98059;219.5
2014-05-08;835000.0;4.0;2.0;1910;6960;1.5;0;0;5;1910;0;1941;0;744 N 83rd St;Seattle;WA 98103;437.17
2014-05-08;988500.0;3.0;2.75;2015;16807;2.0;1;4;3;2015;0;2007;0;2973-3563 SW 172nd St;Burien;WA 98166;490.57
2014-05-08;500000.0;3.0;1.75;1410;1197;3.0;0;0;3;1410;0;2012;1912;4010 Linden Ave N;Seattle;WA 98103;354.61
2014-05-08;499000.0;2.0;1.5;1110;957;2.0;0;0;3;930;180;2005;0;1417 4th Ave W;Seattle;WA 98119;449.55
2014-05-08;321950.0;2.0;1.25;860;1277;2.0;0;0;3;860;0;2007;0;2113 15th Ave S;Seattle;WA 98144;374.36
2014-05-08;494000.0;3.0;2.5;2310;4729;2.0;0;0;3;2310;0;2011;0;7630 Todd Pl;Kenmore;WA 98028;213.85
2014-05-08;441750.0;2.0;1.5;1020;1060;3.0;0;0;3;1020;0;2008;0;743 N 71st St;Seattle;WA 98103;433.09
2014-05-08;438000.0;2.0;1.0;980;1179;2.0;0;0;3;980;0;2010;0;2050 14th Ave W;Seattle;WA 98119;446.94
2014-05-09;985000.0;4.0;2.25;4230;37769;2.0;0;0;3;4230;0;1989;0;19505 NE 143rd St;Woodinville;WA 98077;232.86
2014-05-09;352000.0;3.0;2.25;1640;11050;1.0;0;0;4;1640;0;1972;0;14513-14521 164th Pl SE;Renton;WA 98059;214.63
2014-05-09;839900.0;4.0;3.5;3810;13592;1.0;0;1;3;2560;1250;2013;1923;2411 Meadow Ave N;Renton;WA 98056;220.45
2014-05-09;765000.0;4.0;2.75;2790;10819;2.0;0;0;3;2790;0;1996;0;19490 SE 57th Pl;Issaquah;WA 98027;274.19
2014-05-09;460000.0;4.0;1.75;1750;5500;1.5;0;0;5;1050;700;1926;0;7021 24th Ave NW;Seattle;WA 98117;262.86
2014-05-09;224500.0;4.0;1.0;1430;8355;1.5;0;0;4;1430;0;1983;0;31714 125th Pl SE;Auburn;WA 98092;156.99
2014-05-09;254000.0;3.0;2.5;1850;4597;2.0;0;0;3;1850;0;2003;0;15407 SE 252nd Pl;Covington;WA 98042;137.3
2014-05-09;255000.0;2.0;1.0;960;28717;1.0;0;0;4;960;0;1984;0;29805-29821 129th Pl SW;Vashon;WA 98070;265.62
2014-05-09;610000.0;3.0;3.0;2480;45302;1.0;0;0;4;1620;860;1976;1992;19707 NE 181st St;Woodinville;WA 98077;245.97
2014-05-09;920000.0;4.0;3.0;3750;11025;2.0;0;0;3;3750;0;1976;0;3005 211th Ave NE;Sammamish;WA 98074;245.33
2014-05-09;402500.0;4.0;2.5;2600;11951;2.0;0;0;3;2600;0;1988;2000;33134 3rd Ct SW;Federal Way;WA 98023;154.81
2014-05-09;280950.0;3.0;1.75;1390;8700;1.0;0;3;4;840;550;1912;1989;629-899 Cedar Ave S;Renton;WA 98057;202.12
2014-05-09;604000.0;4.0;2.5;2260;7753;2.0;0;0;3;2260;0;1989;0;3809 260th Ave SE;Issaquah;WA 98029;267.26
2014-05-09;565000.0;4.0;2.25;2470;7447;2.0;0;0;3;2470;0;1984;0;4205 NE 169th Ct;Lake Forest Park;WA 98155;228.74
2014-05-09;255000.0;2.0;1.0;810;7980;1.0;0;0;1;810;0;1928;0;12727 2nd Ave SW;Seattle;WA 98146;314.81
2014-05-09;445000.0;4.0;2.0;1650;6000;1.0;0;0;5;1000;650;1959;0;2211 20th Ave S;Seattle;WA 98144;269.7
2014-05-09;2400000.0;3.0;2.25;3000;11665;1.5;1;4;3;3000;0;2001;0;East Lake Sammamish Trail;Sammamish;WA 98075;800.0
2014-05-09;195000.0;2.0;1.0;720;18000;1.0;0;0;3;720;0;1950;2005;10614 57th Ave S;Seattle;WA 98178;270.83
2014-05-09;275000.0;3.0;1.5;1390;48257;1.0;0;0;3;1390;0;1922;2013;4609-4699 Preston-Fall City Rd SE;Fall City;WA 98024;197.84
2014-05-09;387000.0;3.0;2.25;1445;1606;2.0;0;0;3;1300;145;2003;0;206-458 Lingering Pine Dr NW;Issaquah;WA 98027;267.82
2014-05-09;490000.0;2.0;1.0;1840;3300;1.5;0;0;4;1130;710;1910;0;6255 4th Ave NW;Seattle;WA 98107;266.3
2014-05-09;505000.0;3.0;2.5;2100;5824;2.0;0;2;3;2100;0;1999;0;7418 Dogwood Ln SE;Snoqualmie;WA 98065;240.48
2014-05-09;303500.0;3.0;1.5;1060;10464;1.0;0;0;4;1060;0;1973;0;14320 84th Ave NE;Kirkland;WA 98034;286.32
2014-05-09;270000.0;3.0;1.5;1500;6337;1.0;0;0;5;1500;0;1953;0;13532 15th Pl NE;Seattle;WA 98125;180.0
2014-05-09;323000.0;4.0;2.75;1970;7213;1.0;0;0;3;1170;800;1977;2004;17814 161st Ave SE;Renton;WA 98058;163.96
2014-05-09;382000.0;3.0;3.25;1410;1253;3.0;0;0;3;1410;0;2005;0;9507 Ashworth Ave N;Seattle;WA 98103;270.92
2014-05-09;1370000.0;4.0;2.75;3720;9450;1.0;0;4;5;1960;1760;1962;0;13615 Somerset Ln SE;Bellevue;WA 98006;368.28
2014-05-09;280000.0;4.0;2.0;2190;14439;1.0;0;0;4;1180;1010;1977;0;3331 S 368th Pl;Auburn;WA 98001;127.85
2014-05-09;260000.0;3.0;2.0;1920;8075;1.0;0;0;4;1510;410;1969;0;32704 33rd Ave SW;Federal Way;WA 98023;135.42
2014-05-09;201500.0;3.0;1.0;1160;8320;1.0;0;0;4;1160;0;1959;0;24345 35th Pl S;Kent;WA 98032;173.71
2014-05-09;1157200.0;4.0;4.25;5860;52889;2.0;0;0;4;4910;950;1996;0;13905 184th Ave NE;Woodinville;WA 98072;197.47
2014-05-09;536500.0;4.0;1.75;2000;4000;1.5;0;0;5;1450;550;1926;0;4127 Fauntleroy Way SW;Seattle;WA 98126;268.25
2014-05-09;248000.0;4.0;3.0;2163;5883;2.0;0;0;3;2163;0;2006;0;429 Milwaukee Blvd S;Algona;WA 98001;114.66
2014-05-09;532000.0;5.0;3.0;3480;57499;1.0;0;0;4;2340;1140;1976;1992;23801 SE 162nd St;Issaquah;WA 98027;152.87
2014-05-09;580000.0;4.0;2.5;2840;6268;2.0;0;0;3;2840;0;1998;2006;15217 80th Ave NE;Kenmore;WA 98028;204.23
2014-05-09;463000.0;2.0;1.0;1150;4400;1.0;0;0;4;1150;0;1905;0;401 31st Ave E;Seattle;WA 98112;402.61
2014-05-09;742500.0;4.0;2.75;3100;3773;2.0;0;0;3;2000;1100;1919;1996;1614 32nd Ave;Seattle;WA 98122;239.52
2014-05-09;260000.0;3.0;2.5;1420;14850;1.0;0;0;4;1020;400;1963;0;3319 S 262nd St;Kent;WA 98032;183.1
2014-05-09;590000.0;4.0;2.25;2430;32496;1.0;0;0;3;2430;0;1993;0;18616 215th Way NE;Woodinville;WA 98077;242.8
2014-05-09;312000.0;4.0;2.25;1930;7452;1.0;0;0;3;1430;500;1984;0;21423 114th Pl SE;Kent;WA 98031;161.66
2014-05-09;566000.0;3.0;2.25;1660;10140;1.0;0;0;4;1370;290;1980;0;9828 159th Pl NE;Redmond;WA 98052;340.96
2014-05-09;511555.0;3.0;2.0;1400;7293;1.0;0;0;4;1400;0;1963;0;2655 166th Ave SE;Bellevue;WA 98008;365.4
2014-05-09;583000.0;4.0;2.5;2660;4000;2.0;0;0;3;2660;0;2001;0;9921 227th Way NE;Redmond;WA 98053;219.17
2014-05-09;290000.0;4.0;2.5;2000;13300;1.0;0;0;4;1200;800;1968;0;3026 S Star Lake Rd;Auburn;WA 98001;145.0
2014-05-09;311100.0;4.0;2.25;2130;8078;1.0;0;0;4;1380;750;1977;0;3502 Morris Ave S;Renton;WA 98055;146.06
2014-05-09;325000.0;3.0;2.25;1352;1694;3.0;0;0;3;1352;0;2007;0;1211 NE 135th St;Seattle;WA 98125;240.38
2014-05-09;491300.0;3.0;1.75;1750;11340;1.0;0;1;4;1300;450;1987;0;400-498 211th Pl NE;Sammamish;WA 98074;280.74
2014-05-09;315000.0;5.0;1.75;2320;8100;1.0;0;0;4;1160;1160;1956;0;439 SW 156th St;Burien;WA 98166;135.78
2014-05-09;360000.0;2.0;1.0;1420;81892;1.0;0;0;3;1180;240;1956;2001;18730-18798 109 Ln SE;Renton;WA 98055;253.52
2014-05-09;330000.0;4.0;2.5;1940;3784;2.0;0;0;3;1940;0;2003;0;16828 166th Pl SE;Renton;WA 98058;170.1
2014-05-09;481450.0;3.0;2.0;1410;4800;1.0;0;0;3;1410;0;1940;1996;7701 16th Ave NW;Seattle;WA 98117;341.45
2014-05-09;234950.0;3.0;1.0;1360;9948;1.0;0;0;3;1360;0;1977;2004;21612 SE 290th Ct;Black Diamond;WA 98010;172.76
2014-05-09;251000.0;3.0;1.75;1220;7250;1.0;0;0;3;1220;0;1962;2003;445 Meadow Dr SE;North Bend;WA 98045;205.74
2014-05-09;782000.0;4.0;2.5;2830;20345;2.0;0;0;3;1980;850;1979;2014;11110 NE 38th Pl;Bellevue;WA 98004;276.33
2014-05-09;833000.0;4.0;2.75;3780;10308;2.0;0;0;3;3780;0;1999;0;26621 SE 22nd Way;Sammamish;WA 98075;220.37
2014-05-09;542500.0;4.0;2.5;2330;14289;2.0;0;0;4;2330;0;1978;2000;2084-2104 144th Ave SE;Bellevue;WA 98007;232.83
2014-05-09;851000.0;3.0;2.5;3560;107290;2.0;0;0;3;3560;0;1987;2000;21630-21648 NE 67th St;Redmond;WA 98053;239.04
2014-05-09;325000.0;4.0;1.5;1470;70800;1.0;0;0;3;1470;0;1976;0;29606 SE 286 St;Ravensdale;WA 98051;221.09
2014-05-09;415000.0;4.0;2.25;3060;48787;2.0;0;0;3;3060;0;1992;0;31701-31799 SE 291st St;Ravensdale;WA 98051;135.62
2014-05-09;252500.0;3.0;1.0;1030;6127;1.0;0;0;3;880;150;1947;2012;819 NE 125th St;Seattle;WA 98125;245.15
2014-05-09;465000.0;4.0;2.5;1930;9653;1.0;0;0;4;1930;0;1968;0;29612 2nd Ave SW;Federal Way;WA 98023;240.93
2014-05-09;336900.0;3.0;1.75;1780;120661;1.0;0;0;4;1780;0;1979;0;33030 NE 201st St;Duvall;WA 98019;189.27
2014-05-09;225000.0;3.0;2.5;2000;9202;2.0;0;0;4;2000;0;1992;0;21227 SE 278th Way;Maple Valley;WA 98038;112.5
2014-05-09;270000.0;3.0;2.0;1690;9583;1.0;0;0;4;1690;0;1969;0;108-150 Union Ave SE;Renton;WA 98059;159.76
2014-05-09;1702500.0;5.0;4.5;5190;23716;2.0;0;2;3;3390;1800;1987;2000;8608 N Mercer Way;Mercer Island;WA 98040;328.03
2014-05-09;536000.0;3.0;1.75;1300;5413;1.5;0;0;3;1300;0;1925;1992;9610 8th Ave NE;Seattle;WA 98115;412.31
2014-05-09;585000.0;4.0;3.25;2400;29252;2.0;0;0;4;2400;0;1982;2011;15610 NE 159th St;Woodinville;WA 98072;243.75
2014-05-09;445000.0;2.0;2.0;1150;6634;1.0;0;0;3;860;290;1940;1996;1721 NE 98th St;Seattle;WA 98115;386.96
2014-05-09;320000.0;4.0;2.25;2310;7490;2.0;0;0;3;2310;0;1980;0;11131 SE 183rd Pl;Renton;WA 98055;138.53
2014-05-09;769900.0;4.0;3.5;2730;3047;2.0;0;0;3;2400;330;2006;0;2653 46th Ave SW;Seattle;WA 98116;282.01
2014-05-09;557000.0;4.0;2.5;2840;4500;2.0;0;0;3;2840;0;2012;1912;19226 76th Pl NE;Kenmore;WA 98028;196.13
2014-05-09;212000.0;2.0;1.5;1020;1525;2.0;0;0;3;1020;0;2004;2003;10312 Linden Ave N;Seattle;WA 98133;207.84
2014-05-09;376000.0;3.0;2.0;1340;1384;3.0;0;0;3;1340;0;2008;0;9245-9249 Fremont Ave N;Seattle;WA 98103;280.6
2014-05-09;800000.0;4.0;3.25;3540;159430;2.0;0;0;3;3540;0;2007;0;33001 NE 24th St;Carnation;WA 98014;225.99
2014-05-09;2238888.0;5.0;6.5;7270;130017;2.0;0;0;3;6420;850;2010;0;7070 270th Pl SE;Issaquah;WA 98029;307.96
2014-05-09;324000.0;3.0;2.25;998;904;2.0;0;0;3;798;200;2007;0;820 NW 95th St;Seattle;WA 98117;324.65
2014-05-10;549900.0;5.0;2.75;3060;7015;1.0;0;0;5;1600;1460;1979;0;10834 31st Ave SW;Seattle;WA 98146;179.71
2014-05-10;320000.0;3.0;2.5;2130;6969;2.0;0;0;3;2130;0;2003;0;Cedar to Green River Trail;Maple Valley;WA 98038;150.23
2014-05-10;875000.0;4.0;2.0;2520;6000;1.0;0;0;3;1400;1120;1921;2007;6521 Fremont Ave N;Seattle;WA 98103;347.22
2014-05-10;265000.0;4.0;1.0;1940;9533;1.0;0;0;3;1080;860;1962;2003;9908 S 210th Pl;Kent;WA 98031;136.6
2014-05-10;394950.0;3.0;2.5;1350;1250;3.0;0;0;3;1270;80;2006;0;5940 California Ave SW;Seattle;WA 98136;292.56
2014-05-11;842500.0;4.0;2.5;2160;5298;2.5;0;0;4;2160;0;1902;0;906 17th Ave;Seattle;WA 98122;390.05
2014-05-11;368000.0;3.0;2.5;1370;1350;2.0;0;0;3;1010;360;2007;0;5411 Fauntleroy Way SW;Seattle;WA 98136;268.61
2014-05-12;1225000.0;4.0;4.5;5420;101930;1.0;0;0;3;3890;1530;2001;0;25005 NE Patterson Way;Redmond;WA 98053;226.01
2014-05-12;885000.0;4.0;2.5;2830;5000;2.0;0;0;3;2830;0;1995;0;3503 NE 43rd St;Seattle;WA 98105;312.72
2014-05-12;453246.0;3.0;2.5;2010;2287;2.0;0;0;3;1390;620;2014;0;2500 Mulberry Walk NE;Issaquah;WA 98029;225.5
2014-05-12;927000.0;4.0;2.75;3300;12090;2.0;0;0;3;3300;0;1953;0;9155 NE 21st Pl;Clyde Hill;WA 98004;280.91
2014-05-12;490000.0;2.0;2.5;1230;1391;2.0;0;0;3;870;360;2004;2003;106 24th Ave E;Seattle;WA 98112;398.37
2014-05-12;341000.0;3.0;1.5;1720;7119;1.5;0;0;4;1720;0;1952;0;17050 14th Avenue Northeast;Shoreline;WA 98155;198.26
2014-05-12;235000.0;1.0;1.0;810;2451;1.0;0;0;5;810;0;1941;0;9413 34th Ave SW;Seattle;WA 98126;290.12
2014-05-12;1200000.0;3.0;1.75;1560;8078;1.5;1;4;4;1560;0;1928;0;3603 W Mercer Way;Mercer Island;WA 98040;769.23
2014-05-12;560000.0;3.0;2.0;2560;216777;1.0;0;0;3;2560;0;1986;0;19211 SE 342nd St;Auburn;WA 98092;218.75
2014-05-12;900000.0;4.0;3.25;4700;38412;2.0;0;0;3;3420;1280;1978;0;3709 131st Ave NE;Bellevue;WA 98005;191.49
2014-05-12;255000.0;2.0;1.0;1220;2500;1.0;0;0;3;770;450;1910;2006;3017 SW Hinds St;Seattle;WA 98126;209.02
2014-05-12;1575000.0;5.0;2.75;3650;20150;1.0;0;0;4;2360;1290;1975;0;1216 86th Ave NE;Bellevue;WA 98004;431.51
2014-05-12;876650.0;3.0;3.25;2170;12508;1.5;0;0;5;1650;520;1928;1970;4436-4446 W Mercer Way;Mercer Island;WA 98040;403.99
2014-05-12;540000.0;4.0;2.25;2540;228254;1.0;0;0;3;1450;1090;1990;2009;31907 NE 139th St;Duvall;WA 98019;212.6
2014-05-12;350000.0;2.0;1.0;910;4500;1.5;0;0;4;910;0;1906;1990;4430 Letitia Ave S;Seattle;WA 98118;384.62
2014-05-12;750000.0;4.0;2.5;2980;4930;2.0;0;0;3;2890;90;2000;0;16512 SE 64th Pl;Bellevue;WA 98006;251.68
2014-05-12;582000.0;4.0;1.75;2120;4650;1.0;0;1;3;1190;930;1951;1994;9214 Cyrus Ave NW;Seattle;WA 98117;274.53
2014-05-12;1315000.0;4.0;3.5;3460;3997;2.0;0;0;3;2560;900;2004;2003;2346 N 59th St;Seattle;WA 98103;380.06
2014-05-12;372500.0;5.0;3.0;2480;10090;1.0;0;0;3;1300;1180;2004;2003;5537 S 119th St;Seattle;WA 98178;150.2
2014-05-12;410000.0;3.0;2.25;2200;16921;2.0;0;0;3;2200;0;1987;2000;21709 SE 255th Pl;Maple Valley;WA 98038;186.36
2014-05-12;360000.0;4.0;2.0;1730;5500;1.0;0;0;5;1010;720;1943;0;7953 14th Ave SW;Seattle;WA 98106;208.09
2014-05-12;1015000.0;3.0;2.5;2920;34527;1.0;0;4;4;1800;1120;1954;1983;5220 SW Pritchard St;Seattle;WA 98116;347.6
2014-05-12;225000.0;3.0;1.0;990;8012;1.0;0;0;4;990;0;1966;0;16411 120th Ave SE;Renton;WA 98058;227.27
2014-05-12;647000.0;4.0;2.5;3040;6887;2.0;0;0;3;3040;0;1999;0;215 243rd Ave SE;Sammamish;WA 98074;212.83
2014-05-12;950000.0;5.0;3.0;4530;258746;1.5;0;0;4;3200;1330;2003;0;20325 NE 198th St;Woodinville;WA 98077;209.71
2014-05-12;185000.0;3.0;1.5;1370;8470;1.0;0;0;4;1370;0;1961;2001;2420 Dogwood St SE;Auburn;WA 98092;135.04
2014-05-12;335000.0;3.0;2.5;1940;4927;2.0;0;0;3;1940;0;2004;2003;17217 Woodside Dr SE;Renton;WA 98058;172.68
2014-05-12;210000.0;3.0;2.5;1040;2643;2.0;0;0;3;720;320;2004;2003;5145 S Roxbury St;Seattle;WA 98118;201.92
2014-05-12;522000.0;4.0;2.25;1800;8623;1.0;0;0;4;1360;440;1980;0;11725 NE 102nd Pl;Kirkland;WA 98033;290.0
2014-05-12;770000.0;3.0;1.75;1720;5000;1.0;0;0;3;1720;0;1954;2014;1614 33rd Ave;Seattle;WA 98122;447.67
2014-05-12;499950.0;3.0;1.0;980;6380;1.0;0;0;3;760;220;1941;1994;1733 NE 88th St;Seattle;WA 98115;510.15
2014-05-12;751000.0;4.0;2.5;3110;6142;2.0;0;0;3;3110;0;2004;2003;11461-11577 172nd Ave NE;Redmond;WA 98052;241.48
2014-05-12;330000.0;5.0;3.0;2100;7715;1.0;0;0;3;1250;850;2013;1923;1047-1099 S 130th St;Burien;WA 98168;157.14
2014-05-12;465000.0;3.0;1.5;2020;11358;1.0;0;0;4;1190;830;1956;0;11618 NE 65th St;Kirkland;WA 98033;230.2
2014-05-12;850000.0;4.0;1.75;2350;11914;1.0;0;0;4;2350;0;1961;2001;8223 SE 71st St;Mercer Island;WA 98040;361.7
2014-05-12;947500.0;4.0;2.25;3290;12329;1.5;0;0;4;3290;0;1968;0;9202 SE 46th St;Mercer Island;WA 98040;287.99
2014-05-12;302000.0;5.0;2.25;2180;7813;2.0;0;0;3;2180;0;1986;0;26405 218th Ave SE;Maple Valley;WA 98038;138.53
2014-05-12;500000.0;2.0;2.25;1290;1334;3.0;0;0;3;1290;0;2007;0;5900 20th Ave NW;Seattle;WA 98107;387.6
2014-05-12;201000.0;3.0;1.0;1460;9750;1.0;0;0;4;1460;0;1969;0;30928 148th Ave SE;Kent;WA 98042;137.67
2014-05-12;265000.0;2.0;1.0;1290;2828;2.0;0;0;3;1290;0;2008;0;23549 NE 111th St;Redmond;WA 98053;205.43
2014-05-12;870300.0;4.0;2.5;2350;3150;1.5;0;0;4;1690;660;1910;0;4410 Burke Ave N;Seattle;WA 98103;370.34
2014-05-12;339000.0;3.0;1.0;1080;8100;1.0;0;0;4;1080;0;1955;2009;20248 20th Ave NE;Shoreline;WA 98155;313.89
2014-05-12;690000.0;4.0;2.5;2670;13463;2.0;0;0;4;2670;0;1989;0;24127 SE 45th Pl;Issaquah;WA 98029;258.43
2014-05-12;788000.0;4.0;3.25;3680;5759;2.0;0;0;3;2840;840;2003;0;570 Wilderness Peak Dr NW;Issaquah;WA 98027;214.13
2014-05-12;315275.0;3.0;1.75;1440;8040;1.0;0;0;3;960;480;1951;1994;11521 22nd Ave NE;Seattle;WA 98125;218.94
2014-05-12;505000.0;4.0;1.75;1940;4800;1.0;0;0;5;1030;910;1922;1956;414 14th Ave;Seattle;WA 98122;260.31
2014-05-12;368000.0;3.0;1.0;1280;9898;1.0;0;0;3;1280;0;1968;1997;13222 NE 193rd Pl;Woodinville;WA 98072;287.5
2014-05-12;947500.0;3.0;2.75;2980;27144;1.5;1;2;5;2180;800;1917;0;Indian Trail;Burien;WA 98166;317.95
2014-05-12;156000.0;3.0;1.0;970;8580;1.0;0;0;3;970;0;1959;1989;29621 18th Ave S;Federal Way;WA 98003;160.82
2014-05-12;610000.0;4.0;3.0;2110;5000;1.5;0;2;4;1640;470;1930;0;9319 45th Ave SW;Seattle;WA 98136;289.1
2014-05-12;420000.0;2.0;2.5;1480;1369;3.0;0;0;3;1480;0;2009;0;8107 165th Ave NE;Redmond;WA 98052;283.78
2014-05-12;192000.0;2.0;1.0;700;10540;1.0;0;0;3;700;0;1953;0;124 SW 185th St;Normandy Park;WA 98166;274.29
2014-05-12;910000.0;3.0;2.0;2700;6120;1.0;0;0;4;1350;1350;1962;0;124 NE 61st St;Seattle;WA 98115;337.04
2014-05-12;1300000.0;4.0;3.25;2330;9687;2.0;0;3;3;2330;0;1918;0;731 McGilvra Blvd E;Seattle;WA 98112;557.94
2014-05-12;1346400.0;5.0;1.75;3380;20021;1.0;0;0;4;1690;1690;1963;0;9640 NE 32nd St;Clyde Hill;WA 98004;398.34
2014-05-12;840000.0;4.0;2.75;2600;2750;1.5;0;0;3;1620;980;1936;0;2455 Queen Anne Ave N;Seattle;WA 98109;323.08
2014-05-12;300000.0;2.0;1.75;1360;8100;1.0;0;0;3;860;500;1975;0;13730 2nd Ave NW;Seattle;WA 98177;220.59
2014-05-12;505000.0;4.0;2.5;2780;6369;1.0;0;0;3;1590;1190;1978;0;9311 NE 142nd St;Kirkland;WA 98034;181.65
2014-05-12;110000.0;3.0;1.0;1250;53143;1.0;0;0;5;1250;0;1945;0;19693-19799 SE Maple Valley Hwy;Maple Valley;WA 98038;88.0
2014-05-12;746000.0;3.0;2.5;2620;8950;2.0;0;0;3;2620;0;1992;0;16580 SE 57th Pl;Bellevue;WA 98006;284.73
2014-05-12;211000.0;3.0;1.5;1350;7620;1.0;0;0;5;1350;0;1941;0;16251 12th Ave SW;Burien;WA 98166;156.3
2014-05-12;675000.0;4.0;3.0;2400;3340;1.0;0;0;4;1200;1200;1964;0;618 NW 49th St;Seattle;WA 98107;281.25
2014-05-12;734200.0;4.0;2.5;2760;5000;1.5;0;0;5;1680;1080;1928;1970;950 NW 60th St;Seattle;WA 98107;266.01
2014-05-12;1225000.0;4.0;2.25;3070;16028;1.0;0;3;3;1870;1200;1976;0;8434 W Mercer Way;Mercer Island;WA 98040;399.02
2014-05-12;615000.0;2.0;1.75;2040;28593;1.5;1;3;4;2040;0;1919;1990;23014 Vashon Hwy SW;Vashon;WA 98070;301.47
2014-05-12;630000.0;4.0;2.0;1770;6000;2.0;0;0;5;1770;0;1911;1981;3219 34th Ave W;Seattle;WA 98199;355.93
2014-05-12;1264000.0;4.0;3.75;3490;9170;2.0;0;0;3;3490;0;2012;1912;10442 SE 13th St;Bellevue;WA 98004;362.18
2014-05-12;301500.0;2.0;1.5;830;1333;2.0;0;0;3;830;0;2005;0;5650 Fauntleroy Way SW;Seattle;WA 98136;363.25
2014-05-12;369000.0;2.0;2.5;980;895;2.0;0;0;3;670;310;2009;0;1716 California Ave SW;Seattle;WA 98116;376.53
2014-05-12;635000.0;3.0;2.5;1570;1433;3.0;0;0;3;1570;0;2010;0;7815 Stroud Ave N;Seattle;WA 98103;404.46
2014-05-12;1033888.0;4.0;3.25;3270;5187;2.0;0;0;3;3110;160;2014;0;10774 155th Pl NE;Redmond;WA 98052;316.17
2014-05-12;383000.0;4.0;2.5;2160;6223;2.0;0;0;3;2160;0;2010;0;22442-22446 Southeast 281st Court;Maple Valley;WA 98038;177.31
2014-05-12;1050000.0;4.0;3.75;3280;11000;2.0;0;0;3;2320;960;2008;0;1313 4th St;Kirkland;WA 98033;320.12
2014-05-13;455000.0;4.0;2.5;3360;7685;2.0;0;0;3;3360;0;2001;0;18416 172nd Ct SE;Renton;WA 98058;135.42
2014-05-13;819900.0;5.0;2.75;3150;7119;2.0;0;0;3;3150;0;2013;1923;8082-8160 142nd Ave NE;Redmond;WA 98052;260.29
2014-05-13;625000.0;3.0;3.5;1810;1846;2.0;0;0;4;1440;370;2009;0;512-598 21st Ave;Seattle;WA 98122;345.3
2014-05-13;651000.0;4.0;2.5;2740;7140;2.0;0;0;3;2740;0;1993;0;2476 239th Pl NE;Sammamish;WA 98074;237.59
2014-05-13;480000.0;5.0;4.75;3830;35000;1.0;0;0;3;2130;1700;1976;0;18125 194th Ave NE;Woodinville;WA 98077;125.33
2014-05-13;757000.0;3.0;3.25;3190;5283;2.0;0;0;3;3190;0;2007;0;2065 NE Nelson Ln;Issaquah;WA 98029;237.3
2014-05-13;460000.0;3.0;2.25;2350;10450;1.0;0;0;3;1390;960;1977;2004;15801 63rd Ave NE;Kenmore;WA 98028;195.74
2014-05-13;267345.0;4.0;2.25;2510;8165;1.0;0;0;4;1610;900;1972;0;2831 SW 327th St;Federal Way;WA 98023;106.51
2014-05-13;530000.0;2.0;2.0;1680;4950;1.0;0;0;3;1680;0;2006;0;23726 NE 134th Pl;Redmond;WA 98053;315.48
2014-05-13;449500.0;3.0;2.0;1770;6610;1.0;0;0;4;960;810;1954;1979;19293 Stone Ave N;Shoreline;WA 98133;253.95
2014-05-13;289000.0;3.0;1.0;1090;7315;1.0;0;0;5;1090;0;1981;0;4018 NE 6th Ct;Renton;WA 98056;265.14
2014-05-13;373000.0;5.0;2.5;3001;5710;2.0;0;0;3;3001;0;2006;0;25523 123rd Pl SE;Kent;WA 98030;124.29
2014-05-13;525000.0;5.0;3.0;2450;4591;2.0;0;0;3;2450;0;1994;0;7349 24th Ave NW;Seattle;WA 98117;214.29
2014-05-13;777000.0;3.0;3.25;3610;59677;2.0;0;0;3;2440;1170;2003;0;18913 SE 63rd Pl;Issaquah;WA 98027;215.24
2014-05-13;550000.0;4.0;2.0;2250;7500;1.0;0;0;5;1200;1050;1956;0;2448 137th Ave SE;Bellevue;WA 98005;244.44
2014-05-13;523000.0;3.0;1.5;1240;7735;1.0;0;0;4;1240;0;1957;2001;1020 163rd Ave SE;Bellevue;WA 98008;421.77
2014-05-13;628000.0;4.0;2.0;2260;6000;1.0;0;0;3;1430;830;1958;2004;8028 27th Ave NE;Seattle;WA 98115;277.88
2014-05-13;581000.0;4.0;1.75;2090;8164;1.0;0;0;4;1070;1020;1963;0;7408 138th Pl NE;Redmond;WA 98052;277.99
2014-05-13;245000.0;5.0;1.75;2020;7902;1.0;0;0;3;1220;800;1962;2003;10412 Aqua Way S;Seattle;WA 98168;121.29
2014-05-13;415000.0;3.0;1.75;1960;5000;1.0;0;0;5;980;980;1911;1984;4958 12th Ave S;Seattle;WA 98108;211.73
2014-05-13;1895000.0;5.0;2.25;3120;16672;2.0;0;0;4;3120;0;1969;0;9045 NE 40th Pl;Yarrow Point;WA 98004;607.37
2014-05-13;225000.0;3.0;1.5;1250;7500;1.0;0;0;3;1250;0;1967;2011;1405 E Maple St;Kent;WA 98030;180.0
2014-05-13;287000.0;3.0;2.25;1490;9600;1.0;0;0;4;1170;320;1987;0;27020 NE Ring St;Duvall;WA 98019;192.62
2014-05-13;799200.0;6.0;3.0;2890;2370;2.5;0;0;3;2290;600;1906;2014;420 Boylston Ave E;Seattle;WA 98102;276.54
2014-05-13;239950.0;3.0;1.0;1900;33888;1.5;0;0;4;1900;0;1942;1982;36400-36452 51st Ave S;Auburn;WA 98001;126.29
2014-05-13;591000.0;3.0;1.75;1680;2400;1.0;0;0;5;870;810;1922;1956;1600-1608 25th Ave;Seattle;WA 98122;351.79
2014-05-13;700000.0;3.0;2.5;2030;8398;2.0;0;0;4;2030;0;1975;0;18307 NE 19th Pl;Bellevue;WA 98008;344.83
2014-05-13;475000.0;4.0;2.5;3740;8700;1.0;0;0;3;2260;1480;2004;2003;16700 SE 161st St;Renton;WA 98058;127.01
2014-05-13;575000.0;3.0;1.75;1580;11750;1.0;0;0;4;1180;400;1951;1999;5461 S Othello St;Seattle;WA 98118;363.92
2014-05-13;771000.0;3.0;2.25;1780;6120;1.5;0;0;4;1390;390;1927;0;171 Lake Washington Blvd;Seattle;WA 98122;433.15
2014-05-13;155000.0;2.0;1.0;910;6232;1.0;0;0;3;910;0;1943;2002;4812 S Chicago St;Seattle;WA 98118;170.33
2014-05-13;550000.0;7.0;4.0;3440;8100;2.0;0;0;3;3440;0;1970;2014;718 N 95th St;Seattle;WA 98103;159.88
2014-05-13;645000.0;3.0;2.5;1740;13750;2.0;0;0;4;1740;0;1975;0;1673 Rosemont Blvd;Bellevue;WA 98008;370.69
2014-05-13;464000.0;5.0;2.5;3400;8970;1.0;0;0;4;1700;1700;1959;0;14700 Burke Ave N;Shoreline;WA 98133;136.47
2014-05-13;1050000.0;4.0;3.25;4400;16625;2.0;0;0;3;4400;0;2003;0;27747 SE 24th Way;Sammamish;WA 98075;238.64
2014-05-13;350000.0;3.0;2.5;2010;14298;2.0;0;0;3;2010;0;1977;2004;10711 SW 111th Pl;Vashon;WA 98070;174.13
2014-05-13;591000.0;4.0;2.25;2710;38180;2.0;0;0;4;2710;0;1977;0;19615 182nd Ave NE;Woodinville;WA 98077;218.08
2014-05-13;2555000.0;4.0;2.5;5300;26211;2.0;1;2;2;4570;730;1923;0;4437 55th Ave NE;Seattle;WA 98105;482.08
2014-05-13;717000.0;3.0;1.5;1310;3880;1.0;0;0;3;1090;220;1956;2001;7325 Earl Ave NW;Seattle;WA 98117;547.33
2014-05-13;225000.0;4.0;1.5;1950;12559;1.5;0;0;3;1950;0;1939;1969;4030-4198 S 186th St;SeaTac;WA 98188;115.38
2014-05-13;225000.0;3.0;1.0;1040;6535;1.0;0;0;3;1040;0;1947;2012;12446 21st Ave S;Seattle;WA 98168;216.35
2014-05-13;345000.0;3.0;1.75;1090;7200;1.0;0;0;3;1090;0;1968;1997;12033 NE 136th Pl;Kirkland;WA 98034;316.51
2014-05-13;230000.0;2.0;0.75;650;5360;1.0;0;0;4;650;0;1931;0;13540 Burke Ave N;Seattle;WA 98133;353.85
2014-05-13;385000.0;3.0;2.0;1480;6600;1.0;0;2;3;740;740;1943;2002;4115 SW 106th St;Seattle;WA 98146;260.14
2014-05-13;90000.0;2.0;1.0;790;2640;1.0;0;0;3;790;0;1973;2013;14710 122nd Pl NE;Kirkland;WA 98034;113.92
2014-05-13;860000.0;4.0;2.5;3560;11119;1.0;0;2;3;2290;1270;1986;0;3883 112th Ave NE;Bellevue;WA 98004;241.57
2014-05-13;675000.0;4.0;2.5;3000;5548;2.0;0;0;3;3000;0;2006;0;11409 SE 71st Pl;Newcastle;WA 98056;225.0
2014-05-13;975000.0;4.0;2.5;3490;7494;2.0;0;3;3;3490;0;2000;0;4902 159th Pl SE;Bellevue;WA 98006;279.37
2014-05-13;780000.0;3.0;1.75;2340;10495;1.0;0;0;4;2340;0;1967;0;8421 SE 72nd Pl;Mercer Island;WA 98040;333.33
2014-05-13;370000.0;3.0;1.75;1650;8254;1.0;0;0;5;1060;590;1951;0;18015 25th Ave NE;Shoreline;WA 98155;224.24
2014-05-13;665000.0;3.0;2.0;1940;5820;1.5;0;0;5;1150;790;1944;0;324 NW 48th St;Seattle;WA 98107;342.78
2014-05-13;675000.0;5.0;3.0;3410;9600;1.0;0;0;4;1870;1540;1968;0;2830 177th Ave NE;Redmond;WA 98052;197.95
2014-05-13;620000.0;3.0;1.0;1710;4050;1.5;0;0;3;1710;0;1909;2004;6101-6149 Corliss Ave N;Seattle;WA 98103;362.57
2014-05-13;1105000.0;4.0;1.5;2740;4000;2.0;0;0;5;1930;810;1905;0;1707-1713 3rd Ave N;Seattle;WA 98109;403.28
2014-05-13;450000.0;3.0;2.75;1250;892;2.0;0;0;3;1040;210;2010;0;2301 California Ave SW;Seattle;WA 98116;360.0
2014-05-13;450000.0;3.0;2.25;2450;42180;1.0;0;0;4;2450;0;1978;2000;17081-17183 SE Wax Rd;Covington;WA 98042;183.67
2014-05-13;530000.0;3.0;1.75;1690;8190;1.0;0;0;4;1690;0;1958;1972;2711 126th Ave SE;Bellevue;WA 98005;313.61
2014-05-13;635000.0;4.0;1.75;1950;13320;1.0;0;0;4;1370;580;1969;0;15018 NE 10th Pl;Bellevue;WA 98007;325.64
2014-05-13;580000.0;5.0;2.0;2290;7125;1.0;0;0;3;1190;1100;1964;2000;16541 NE 27th Pl;Bellevue;WA 98008;253.28
2014-05-13;1550000.0;5.0;3.25;3370;17458;1.0;0;2;5;2000;1370;1982;0;8126-8196 Forest Ave SE;Mercer Island;WA 98040;459.94
2014-05-13;285000.0;3.0;1.0;1090;8640;1.0;0;0;4;1090;0;1973;0;16014 16th Ave SW;Burien;WA 98166;261.47
2014-05-13;375000.0;3.0;1.0;1190;9486;1.0;0;0;4;1190;0;1953;1983;217 SW 191st St;Normandy Park;WA 98166;315.13
2014-05-13;1400000.0;5.0;4.25;3530;7924;2.0;0;0;3;3530;0;2001;0;2278 72nd Ave SE;Mercer Island;WA 98040;396.6
2014-05-13;560000.0;3.0;1.0;1440;5000;2.0;0;0;3;1440;0;1910;2006;6206 Phinney Ave N;Seattle;WA 98103;388.89
2014-05-13;405000.0;4.0;1.75;2180;13529;1.0;0;0;3;1090;1090;1956;2001;16722 32nd Pl NE;Lake Forest Park;WA 98155;185.78
2014-05-13;413000.0;4.0;1.0;1410;6000;1.0;0;0;3;810;600;1925;2002;4118 32nd Ave SW;Seattle;WA 98126;292.91
2014-05-13;287600.0;3.0;2.5;1950;8251;2.0;0;0;3;1950;0;1990;2009;4222 S 288th Pl;Auburn;WA 98001;147.49
2014-05-13;1680000.0;5.0;3.25;4860;23723;2.0;0;2;4;3820;1040;1989;0;9250 SE 36th Pl;Mercer Island;WA 98040;345.68
2014-05-13;225000.0;3.0;1.0;1660;7210;1.0;0;0;3;1100;560;1963;2008;29140 42nd Ave S;Auburn;WA 98001;135.54
2014-05-13;319000.0;3.0;1.0;1390;12823;1.0;0;0;4;1390;0;1968;0;15846 196th Pl NE;Woodinville;WA 98077;229.5
2014-05-13;322500.0;3.0;2.0;1350;14200;1.0;0;0;3;1350;0;1989;0;14405 274th Ct NE;Duvall;WA 98019;238.89
2014-05-13;570000.0;3.0;2.0;1530;5401;1.0;0;0;4;1530;0;1937;0;7741 22nd Ave NE;Seattle;WA 98115;372.55
2014-05-13;465000.0;3.0;1.5;1270;5112;1.0;0;0;3;1270;0;1950;2005;3616 NE 65th St;Seattle;WA 98115;366.14
2014-05-13;435000.0;4.0;2.25;2140;6355;2.0;0;0;3;2140;0;2002;0;7125 Silent Creek Ave SE;Snoqualmie;WA 98065;203.27
2014-05-13;502000.0;4.0;2.5;2040;5616;2.0;0;0;3;2040;0;2012;1912;7617 NE 201st Pl;Kenmore;WA 98028;246.08
2014-05-13;525000.0;3.0;3.5;2876;5086;2.0;0;0;3;2360;516;2007;0;12467 NE 171st Pl;Woodinville;WA 98072;182.55
2014-05-13;525000.0;3.0;2.5;1580;1161;2.0;0;0;3;1010;570;2008;0;213 26th Ave E;Seattle;WA 98112;332.28
2014-05-13;660000.0;4.0;3.5;3400;5196;2.0;0;0;3;3400;0;2012;1912;9314 Ash Ave SE;Snoqualmie;WA 98065;194.12
2014-05-13;870000.0;4.0;2.5;3520;6773;2.5;0;0;3;2650;870;2006;0;7921 45th Ave SW;Seattle;WA 98136;247.16
2014-05-13;650000.0;4.0;2.5;2210;4861;2.0;0;0;3;2210;0;2013;1923;615 NW 92nd St;Seattle;WA 98117;294.12
2014-05-13;505000.0;4.0;2.5;2790;5602;2.0;0;0;3;2790;0;2009;0;5138 NE 8th St;Renton;WA 98059;181.0
2014-05-13;330000.0;3.0;2.5;1450;5008;1.0;0;0;3;840;610;2007;0;6544 18th Ave SW;Seattle;WA 98106;227.59
2014-05-14;385000.0;4.0;1.75;1620;4980;1.0;0;0;4;860;760;1947;1988;10037 Interlake Ave N;Seattle;WA 98133;237.65
2014-05-14;306000.0;3.0;1.5;1220;1086;3.0;0;0;3;1220;0;2007;0;353 N 105th St;Seattle;WA 98133;250.82
2014-05-14;546000.0;3.0;1.75;2000;5000;1.0;0;0;4;1110;890;1921;0;7730 33rd Ave NW;Seattle;WA 98117;273.0
2014-05-14;925000.0;4.0;2.5;2190;7350;2.5;0;0;5;2190;0;1958;0;3446 77th Ave SE;Mercer Island;WA 98040;422.37
2014-05-14;542000.0;4.0;1.75;1900;8250;1.0;0;0;4;950;950;1955;2009;3810 145th Ave SE;Bellevue;WA 98006;285.26
2014-05-14;800000.0;3.0;1.0;1700;4400;1.5;0;0;4;1700;0;1906;1990;1109 32nd Ave;Seattle;WA 98122;470.59
2014-05-14;620000.0;5.0;2.5;2540;3832;2.0;0;0;5;1760;780;1929;0;7558 32nd Ave NW;Seattle;WA 98117;244.09
2014-05-14;175000.0;2.0;1.0;1170;8925;1.0;0;2;3;1170;0;1911;1979;921 S 223rd St;Des Moines;WA 98198;149.57
2014-05-14;740000.0;5.0;5.0;5774;31675;1.0;0;2;3;4490;1284;1984;0;28511 10th Ave S;Federal Way;WA 98003;128.16
2014-05-14;345000.0;3.0;2.25;2120;15003;2.0;0;0;3;2120;0;1984;0;14319 165th Pl SE;Renton;WA 98059;162.74
2014-05-14;510000.0;3.0;1.75;2170;26460;1.0;0;0;3;1450;720;1986;0;721 222nd Pl NE;Sammamish;WA 98074;235.02
2014-05-14;530000.0;4.0;2.75;2450;15002;1.0;0;0;5;2450;0;1974;0;404 SW 197th St;Normandy Park;WA 98166;216.33
2014-05-14;155000.0;2.0;1.0;700;5200;1.0;0;0;5;700;0;1952;1998;475-547 Monroe Ave NE;Renton;WA 98056;221.43
2014-05-14;266000.0;3.0;2.5;1780;7214;1.0;0;0;4;1400;380;1986;0;26205 119th Dr SE;Kent;WA 98030;149.44
2014-05-14;257200.0;3.0;2.0;1850;8250;1.0;0;0;4;1150;700;1952;0;200 Pike St SE;Auburn;WA 98002;139.03
2014-05-14;265000.0;3.0;2.0;1570;5706;1.0;0;0;3;1570;0;1998;2006;11549 SE 319th Pl;Auburn;WA 98092;168.79
2014-05-14;372220.0;3.0;1.0;1290;5500;1.0;0;0;3;980;310;1951;1994;4607 SW Cloverdale St;Seattle;WA 98136;288.54
2014-05-14;337500.0;5.0;2.0;1700;7314;1.0;0;0;3;1000;700;1956;2001;6000-6048 22nd Ave S;Seattle;WA 98108;198.53
2014-05-14;582500.0;2.0;1.5;1159;4800;1.0;0;0;3;1159;0;1948;1994;4254 33rd Ave W;Seattle;WA 98199;502.59
2014-05-14;489200.0;3.0;2.75;1850;9600;1.5;0;0;5;1850;0;1965;0;8622 NE 139th St;Kirkland;WA 98034;264.43
2014-05-14;405100.0;2.0;1.0;840;3522;1.0;0;0;3;840;0;1947;2012;2901 W Elmore St;Seattle;WA 98199;482.26
2014-05-14;372977.0;3.0;2.5;1690;1618;2.0;0;0;3;1150;540;2014;0;2500 Mulberry Walk NE;Issaquah;WA 98029;220.7
2014-05-14;310000.0;3.0;1.0;1050;9876;1.0;0;0;3;1050;0;1953;0;18527 Kenlake Pl NE;Kenmore;WA 98028;295.24
2014-05-14;538000.0;3.0;1.75;1400;3825;1.5;0;0;4;1100;300;1904;0;6917 28th Ave NW;Seattle;WA 98117;384.29
2014-05-14;1400000.0;3.0;2.5;2550;7200;2.0;0;2;3;2550;0;1981;2013;316 Lake Washington Blvd S;Seattle;WA 98144;549.02
2014-05-14;317000.0;3.0;2.5;1840;5011;2.0;0;0;3;1840;0;2012;1912;21560 SE 275th Ct;Maple Valley;WA 98038;172.28
2014-05-14;702500.0;3.0;1.5;2360;6750;2.0;0;0;5;1930;430;1926;0;2145 N 88th St;Seattle;WA 98103;297.67
2014-05-14;565000.0;4.0;2.5;2240;14667;2.0;0;0;4;2240;0;1989;0;13547 SE 83rd St;Newcastle;WA 98059;252.23
2014-05-14;723000.0;4.0;2.5;2700;4004;2.0;0;0;3;2700;0;2004;2003;2363 30th Ave NE;Issaquah;WA 98029;267.78
2014-05-14;766950.0;3.0;2.5;3030;30007;1.5;0;0;4;3030;0;1992;0;15905 Saybrook Dr NE;Woodinville;WA 98077;253.12
2014-05-14;682000.0;3.0;1.75;1830;5120;1.5;0;2;5;1830;0;1903;0;322 16th Ave;Seattle;WA 98122;372.68
2014-05-14;325000.0;3.0;2.5;2220;6049;2.0;0;0;4;2220;0;1990;0;11909 SE 228th Pl;Kent;WA 98031;146.4
2014-05-14;543000.0;3.0;2.5;2090;7640;1.0;0;0;3;1360;730;1962;2014;14836 Densmore Ave N;Shoreline;WA 98133;259.81
2014-05-14;525000.0;3.0;1.75;1600;6120;1.5;0;0;3;1600;0;1924;2011;7557 35th Ave NE;Seattle;WA 98115;328.12
2014-05-14;364000.0;4.0;1.75;2010;8625;1.0;0;0;4;1340;670;1957;2001;16501-16515 Carlyle Hall Rd N;Shoreline;WA 98133;181.09
2014-05-14;394475.0;2.0;1.0;830;4000;1.0;0;0;3;830;0;1955;2005;8715 17th Ave NW;Seattle;WA 98117;475.27
2014-05-14;316000.0;4.0;2.5;2010;7226;2.0;0;0;3;2010;0;1995;0;1522 55th Ct SE;Auburn;WA 98092;157.21
2014-05-14;339950.0;3.0;1.0;1050;5402;1.5;0;0;4;1050;0;1906;1990;1807 17th Ave S;Seattle;WA 98144;323.76
2014-05-14;486000.0;4.0;2.5;2150;39449;1.0;0;0;3;1420;730;1978;0;5242 336th Ave SE;Fall City;WA 98024;226.05
2014-05-14;160000.0;3.0;1.0;860;11900;1.0;0;0;4;860;0;1963;0;27204 116th Pl SE;Kent;WA 98030;186.05
2014-05-14;930000.0;3.0;2.5;3100;20553;1.0;0;0;3;3100;0;1954;2005;1456 NW 185th St;Shoreline;WA 98177;300.0
2014-05-14;139000.0;3.0;1.0;1100;17334;1.0;0;0;3;1100;0;1978;0;33610 51st Ave S;Auburn;WA 98001;126.36
2014-05-14;562000.0;3.0;1.5;1830;8000;1.0;0;0;4;1830;0;1957;2001;920 163rd Ave SE;Bellevue;WA 98008;307.1
2014-05-14;299000.0;2.0;1.75;1250;34395;1.0;0;0;4;1250;0;1950;1983;1400 S 359th St;Federal Way;WA 98003;239.2
2014-05-14;511000.0;3.0;2.5;1820;4883;2.0;0;0;3;1820;0;2005;0;14800-14822 88th Ave NE;Kenmore;WA 98028;280.77
2014-05-14;499000.0;3.0;2.0;2090;42689;1.5;0;0;3;2090;0;1959;1998;30004 SE Lake Retreat S Dr;Ravensdale;WA 98051;238.76
2014-05-14;356000.0;3.0;3.5;2100;12384;2.0;0;0;3;2100;0;1980;0;14937 57th Ave S;Tukwila;WA 98168;169.52
2014-05-14;470000.0;4.0;2.5;2310;14023;2.0;0;0;3;2310;0;1991;0;14923 280th Pl NE;Duvall;WA 98019;203.46
2014-05-14;715000.0;4.0;2.25;2060;5649;1.0;0;0;5;1360;700;1941;0;3305 39th Ave W;Seattle;WA 98199;347.09
2014-05-14;1120000.0;4.0;2.25;4470;60373;2.0;0;0;3;4470;0;1988;2000;14235 160th Ave NE;Woodinville;WA 98072;250.56
2014-05-14;458000.0;3.0;1.0;1660;7500;1.0;0;0;4;1060;600;1940;2001;2000 NE 113th St;Seattle;WA 98125;275.9
2014-05-14;966000.0;5.0;4.5;3810;8019;2.0;0;0;3;3810;0;2008;0;2033 211th Pl SE;Sammamish;WA 98075;253.54
2014-05-14;305495.0;3.0;1.75;2110;10200;2.0;0;0;4;2110;0;1966;0;14244 140th Ave SE;Renton;WA 98059;144.78
2014-05-14;543000.0;2.0;2.0;2370;217800;1.5;0;0;3;1600;770;1992;0;11400-11598 SE 114th Pl;Issaquah;WA 98027;229.11
2014-05-14;340000.0;3.0;2.25;1970;3716;2.0;0;0;3;1970;0;1997;0;504 Shelton Ct NE;Renton;WA 98056;172.59
2014-05-14;633100.0;4.0;2.5;2470;33305;2.0;0;0;3;2470;0;1993;0;26021 NE 25th St;Redmond;WA 98053;256.32
2014-05-14;310000.0;3.0;1.0;1480;7830;1.0;0;0;3;1480;0;1952;2008;1909 N 195th St;Shoreline;WA 98133;209.46
2014-05-14;349950.0;5.0;3.0;2257;10117;1.0;0;0;3;1363;894;2005;0;3755 S 168th St;SeaTac;WA 98188;155.05
2014-05-14;267800.0;2.0;1.0;700;6000;1.0;0;0;4;700;0;1949;1985;16824 11th Pl NE;Shoreline;WA 98155;382.57
2014-05-14;234000.0;4.0;2.0;1630;9010;1.0;0;0;4;1050;580;1975;0;10872 SE 318th Pl;Auburn;WA 98092;143.56
2014-05-14;740000.0;4.0;2.5;3430;10157;2.0;0;0;3;3430;0;2000;0;13622 NE 136th Pl;Kirkland;WA 98034;215.74
2014-05-14;607500.0;5.0;1.75;2220;6000;1.5;0;0;3;1420;800;1923;1998;3047 21st Ave W;Seattle;WA 98199;273.65
2014-05-14;223000.0;3.0;1.75;1340;7473;1.0;0;0;4;1340;0;1973;0;16 R Pl NE;Auburn;WA 98002;166.42
2014-05-14;400000.0;2.0;1.0;980;2130;1.0;0;0;4;860;120;1918;1974;6520-6588 8th Ave NW;Seattle;WA 98117;408.16
2014-05-14;802000.0;3.0;2.5;2580;13096;2.0;0;0;3;2580;0;1986;0;6133 147th Pl NE;Redmond;WA 98052;310.85
2014-05-14;253000.0;4.0;2.5;2230;4541;2.0;0;0;3;2230;0;2006;0;24217 181st Pl SE;Covington;WA 98042;113.45
2014-05-14;1058000.0;4.0;2.0;2290;11137;1.0;0;0;4;2290;0;1955;2009;10441 SE 24th Pl;Bellevue;WA 98004;462.01
2014-05-14;300000.0;3.0;1.0;1260;8280;1.0;0;0;3;1260;0;1946;0;2559 NE 98th St;Seattle;WA 98115;238.1
2014-05-14;625000.0;4.0;2.75;1680;11180;1.0;0;0;4;1680;0;1966;0;15924 NE 53rd St;Redmond;WA 98052;372.02
2014-05-14;707000.0;4.0;3.25;3200;7081;2.0;0;0;3;3200;0;2004;2003;26054 SE 23rd Pl;Sammamish;WA 98075;220.94
2014-05-14;950000.0;4.0;2.5;3320;7644;2.0;0;0;3;3320;0;1995;0;5491 175th Pl SE;Bellevue;WA 98006;286.14
2014-05-14;420000.0;4.0;2.5;3040;24123;2.0;0;0;3;3040;0;1999;0;4620 Kennedy Ave SE;Auburn;WA 98092;138.16
2014-05-14;498000.0;4.0;2.75;2270;7375;1.0;0;0;4;1290;980;1973;0;12901 NE 136th St;Kirkland;WA 98034;219.38
2014-05-14;450000.0;3.0;2.5;2910;17172;2.0;0;0;3;2910;0;1989;0;36023 3rd Ave S;Federal Way;WA 98003;154.64
2014-05-14;955000.0;5.0;2.25;2510;9887;2.0;0;0;3;2510;0;1972;2002;7590 86th Ave SE;Mercer Island;WA 98040;380.48
2014-05-14;215000.0;2.0;1.0;1240;7200;1.0;0;0;3;1240;0;1967;2011;4036 S 119th St;Tukwila;WA 98168;173.39
2014-05-14;437000.0;3.0;2.75;2580;5200;2.0;0;0;3;2580;0;2008;0;808 Hoquiam Ave NE;Renton;WA 98059;169.38
2014-05-14;773000.0;3.0;2.75;2470;3600;2.0;0;0;3;2470;0;2007;0;1458-1462 29th Pl NE;Issaquah;WA 98029;312.96
2014-05-14;1222500.0;4.0;3.5;4910;9444;1.5;0;0;3;3110;1800;2007;0;4531 205th Pl NE;Sammamish;WA 98074;248.98
2014-05-15;256883.0;3.0;2.5;1690;5025;2.0;0;0;3;1690;0;2003;0;833 SW 361st St;Federal Way;WA 98023;152.0
2014-05-15;592500.0;4.0;2.5;2240;12032;1.0;0;0;3;2240;0;1983;2009;24231 NE 5th Pl;Sammamish;WA 98074;264.51
2014-05-15;252350.0;3.0;2.0;1650;7352;1.0;0;0;3;1160;490;1979;2014;12902 SE 158th Pl;Renton;WA 98058;152.94
2014-05-15;370000.0;4.0;2.5;2710;5880;2.0;0;0;3;2710;0;1998;2006;12713 SE 302nd St;Auburn;WA 98092;136.53
2014-05-15;465750.0;3.0;1.5;1260;10350;1.0;0;0;3;1260;0;1959;1989;16231 NE 29th St;Bellevue;WA 98008;369.64
2014-05-15;185000.0;3.0;1.0;1150;8100;1.0;0;0;3;1150;0;1932;0;12208 20th Ave S;Seattle;WA 98168;160.87
2014-05-15;582800.0;4.0;2.75;2550;7636;1.0;0;0;3;1440;1110;1986;0;21023-21029 NE 42nd St;Sammamish;WA 98074;228.55
2014-05-15;245000.0;3.0;1.75;1490;6930;1.0;0;0;4;1490;0;1990;0;12145 SE 260th Pl;Kent;WA 98030;164.43
2014-05-15;302000.0;4.0;1.75;2020;7865;1.0;0;0;4;1010;1010;1963;0;1001 Whitman Ct NE;Renton;WA 98059;149.5
2014-05-15;451555.0;2.0;1.0;1320;4520;1.0;0;1;3;1320;0;1912;1971;4137 48th Ave SW;Seattle;WA 98116;342.09
2014-05-15;250000.0;3.0;1.0;1230;10350;1.0;0;0;4;1230;0;1957;2001;19415 107th Ave SE;Renton;WA 98055;203.25
2014-05-15;255000.0;4.0;2.5;2070;7800;2.0;0;0;3;2070;0;1989;0;1422 S 282nd Pl;Federal Way;WA 98003;123.19
2014-05-15;840000.0;4.0;1.75;2930;11562;1.0;0;3;3;1670;1260;1947;2012;3539 NW 67th St;Seattle;WA 98117;286.69
2014-05-15;190000.0;3.0;1.0;1090;8520;1.0;0;0;3;1090;0;1967;2011;29611 21st Ave S;Federal Way;WA 98003;174.31
2014-05-15;349950.0;3.0;1.0;1400;7066;1.0;0;0;3;1400;0;1957;2000;11515 4th Ave NE;Seattle;WA 98125;249.96
2014-05-15;613000.0;4.0;2.0;1550;4815;1.5;0;0;3;1550;0;1909;2004;5212 Wallingford Ave N;Seattle;WA 98103;395.48
2014-05-15;300000.0;3.0;1.0;1220;13000;1.0;0;0;4;1220;0;1955;2009;18218 Evanston Ave N;Shoreline;WA 98133;245.9
2014-05-15;455000.0;3.0;2.5;1870;7344;1.0;0;0;3;1470;400;1980;0;14013 101st Pl NE;Kirkland;WA 98034;243.32
2014-05-15;335000.0;3.0;2.25;2150;30476;2.0;0;0;3;2150;0;1991;0;4446 S 160th St;Tukwila;WA 98188;155.81
2014-05-15;197500.0;3.0;1.0;980;3090;1.5;0;0;3;980;0;1903;2005;4531 S Lucile St;Seattle;WA 98118;201.53
2014-05-15;412500.0;3.0;1.5;1490;8475;1.0;0;0;4;1490;0;1963;0;5419 156th Ave NE;Redmond;WA 98052;276.85
2014-05-15;395300.0;3.0;1.5;1120;7000;1.0;0;0;3;1120;0;1955;2005;1323 145th Ave SE;Bellevue;WA 98007;352.95
2014-05-15;342400.0;3.0;2.25;1180;9630;2.0;0;0;3;1180;0;1986;0;8121 NE 147th Pl;Kenmore;WA 98028;290.17
2014-05-15;749400.0;4.0;2.5;3240;20301;2.0;0;0;3;3240;0;1985;0;17013 NE 133rd St;Redmond;WA 98052;231.3
2014-05-15;316500.0;4.0;2.5;2150;6807;2.0;0;0;4;2150;0;1991;0;11401 SE 219th Pl;Kent;WA 98031;147.21
2014-05-15;390000.0;3.0;2.5;2240;10800;2.0;0;0;3;2240;0;1996;0;15839 84th Ave NE;Kenmore;WA 98028;174.11
2014-05-15;225000.0;3.0;2.0;1400;7384;1.0;0;0;3;1150;250;1979;2014;3311 SE 17th St;Renton;WA 98058;160.71
2014-05-15;550000.0;3.0;2.25;1980;40887;1.0;0;0;4;1980;0;1980;0;4216 232nd Ave NE;Redmond;WA 98053;277.78
2014-05-15;280000.0;3.0;1.0;1330;20562;1.5;0;0;3;1330;0;1959;1989;13219 424th Ave SE;North Bend;WA 98045;210.53
2014-05-15;1255000.0;4.0;2.5;3200;7535;2.0;0;0;3;3200;0;2006;0;5038 48th Ave NE;Seattle;WA 98105;392.19
2014-05-15;575000.0;2.0;1.0;1490;6000;1.0;0;0;3;1090;400;1946;0;1106 25th Ave E;Seattle;WA 98112;385.91
2014-05-15;1000000.0;5.0;4.25;3920;16258;2.0;0;0;3;2900;1020;1990;2009;2548 111th Ave SE;Bellevue;WA 98004;255.1
2014-05-15;585000.0;5.0;1.75;2000;3750;2.0;0;0;4;2000;0;1921;0;309 N 46th St;Seattle;WA 98103;292.5
2014-05-15;620000.0;4.0;2.5;2680;9185;2.0;0;0;3;2680;0;1989;0;26118 SE 39th Ct;Issaquah;WA 98029;231.34
2014-05-15;204700.0;4.0;2.0;1670;9987;1.0;0;0;3;1670;0;1967;2011;29031 40th Ave S;Auburn;WA 98001;122.57
2014-05-15;695000.0;4.0;3.0;3150;9130;2.0;0;0;3;3150;0;2001;0;24038 SE 13th Pl;Sammamish;WA 98075;220.63
2014-05-15;689900.0;4.0;3.25;2740;7266;2.0;0;0;3;2060;680;2003;0;392 Wilderness Peak Dr NW;Issaquah;WA 98027;251.79
2014-05-15;375000.0;4.0;1.75;1890;8000;1.0;0;0;4;1250;640;1960;2001;2145 N 178th St;Shoreline;WA 98133;198.41
2014-05-15;475000.0;7.0;3.5;2870;29699;1.0;0;0;3;1520;1350;1961;2004;11738 1st Ave NE;Seattle;WA 98125;165.51
2014-05-15;215000.0;3.0;1.0;1160;10384;1.0;0;0;4;1160;0;1969;0;26516 235th Ave SE;Maple Valley;WA 98038;185.34
2014-05-15;2100000.0;4.0;1.75;3550;19865;2.0;0;0;3;3550;0;1962;2002;7822 NE 14th St;Medina;WA 98039;591.55
2014-05-15;790000.0;3.0;1.75;1790;6117;1.0;0;2;3;1350;440;1940;1996;1922 35th Ave W;Seattle;WA 98199;441.34
2014-05-15;350000.0;3.0;1.75;1680;250470;1.0;0;0;4;1070;610;1940;2001;18949 Mountain View Rd NE;Duvall;WA 98019;208.33
2014-05-15;695000.0;3.0;2.5;4560;17622;2.0;0;0;4;3800;760;1986;0;1315 232nd Pl NE;Sammamish;WA 98074;152.41
2014-05-15;263000.0;3.0;2.25;1590;7748;2.0;0;0;4;1590;0;1991;0;35219 26th Ct S;Federal Way;WA 98003;165.41
2014-05-15;400000.0;3.0;1.0;1630;10304;1.0;0;0;5;1630;0;1953;0;17228 11th Ave NE;Shoreline;WA 98155;245.4
2014-05-15;525000.0;3.0;2.5;2700;7434;2.0;0;0;3;2700;0;1991;0;12415 NE 160th St;Woodinville;WA 98072;194.44
2014-05-15;349950.0;3.0;2.5;1700;7496;2.0;0;0;3;1700;0;1994;0;18901-18937 114th Ct SE;Renton;WA 98055;205.85
2014-05-15;1085000.0;4.0;3.25;3740;12080;1.0;0;0;3;2000;1740;1988;2000;13704-13712 209th Ave NE;Woodinville;WA 98077;290.11
2014-05-15;744000.0;4.0;3.0;1980;5352;2.5;0;0;3;1980;0;1941;2005;4103 SW Kenyon St;Seattle;WA 98136;375.76
2014-05-15;312500.0;2.0;1.0;880;6345;1.0;0;0;3;880;0;1919;2001;7558 19th Ave SW;Seattle;WA 98106;355.11
2014-05-15;240000.0;3.0;2.0;1400;6200;1.0;0;0;3;700;700;1948;1994;1610 N 185th St;Shoreline;WA 98133;171.43
2014-05-15;495000.0;4.0;2.0;2050;4000;1.5;0;0;5;1210;840;1941;0;2609 21st Ave S;Seattle;WA 98144;241.46
2014-05-15;580050.0;3.0;2.5;2360;4638;2.0;0;3;3;2360;0;1996;0;601 NE 76th St;Seattle;WA 98115;245.78
2014-05-15;640000.0;4.0;2.0;2560;7798;1.0;0;0;4;1890;670;1947;1988;8600-8698 30th Ave NE;Seattle;WA 98115;250.0
2014-05-15;417000.0;3.0;1.5;1340;10224;1.0;0;0;4;1340;0;1956;0;3825 138th Ave SE;Bellevue;WA 98006;311.19
2014-05-15;174950.0;3.0;1.0;1060;5200;1.0;0;0;5;1060;0;1970;0;26635 Timberlane Dr SE;Covington;WA 98042;165.05
2014-05-15;295000.0;3.0;1.5;850;2500;1.0;0;0;3;850;0;1986;0;4020 21st Ave SW;Seattle;WA 98106;347.06
2014-05-15;423000.0;4.0;1.75;1880;7303;1.0;0;0;3;1010;870;1976;0;10320 NE 125th Pl;Kirkland;WA 98034;225.0
2014-05-15;839000.0;3.0;1.0;1230;12305;1.0;0;0;3;1230;0;1955;1990;10904 SE 1st St;Bellevue;WA 98004;682.11
2014-05-15;343000.0;4.0;1.75;2290;10290;1.0;0;0;3;1340;950;1960;2012;2816 SW 110th Pl;Seattle;WA 98146;149.78
2014-05-15;467000.0;3.0;1.0;1660;6582;1.0;0;0;5;1000;660;1946;0;12033 Dayton Ave N;Seattle;WA 98133;281.33
2014-05-15;512500.0;3.0;2.5;1840;2875;2.0;0;0;4;1840;0;1997;0;4530 48th Ave SW;Seattle;WA 98116;278.53
2014-05-15;575000.0;4.0;2.5;3020;17810;1.0;0;0;3;1600;1420;1979;2014;4527-4553 NE 201st Pl;Lake Forest Park;WA 98155;190.4
2014-05-15;465000.0;3.0;1.75;1410;6886;1.0;0;0;3;1410;0;1924;2013;12215 Dayton Ave N;Seattle;WA 98133;329.79
2014-05-15;270000.0;3.0;1.0;1010;9514;1.0;0;0;3;1010;0;1969;2010;17620 SE 121st Pl;Renton;WA 98059;267.33
2014-05-15;340000.0;3.0;1.75;1960;8136;1.0;0;0;3;980;980;1948;1994;2419 SW Barton St;Seattle;WA 98106;173.47
2014-05-15;765000.0;5.0;3.75;3580;14275;2.0;0;0;3;3190;390;1999;0;170 Mt Quay Dr NW;Issaquah;WA 98027;213.69
2014-05-15;497000.0;4.0;2.5;2240;7200;2.0;0;0;3;2240;0;1995;0;4417 47th Ave S;Seattle;WA 98118;221.88
2014-05-15;803100.0;4.0;2.5;3310;5404;2.0;0;0;3;3310;0;2004;2003;19107 NE 64th Way;Redmond;WA 98052;242.63
2014-05-15;344000.0;3.0;2.5;1232;1130;3.0;0;0;3;1232;0;2007;0;12331 A 10th Pl NE;Seattle;WA 98125;279.22
2014-05-15;828950.0;4.0;3.5;3930;5680;2.0;0;1;3;2820;1110;2013;1923;19601-19853 Newport Way NW;Issaquah;WA 98027;210.93
2014-05-15;386380.0;3.0;2.5;1720;3600;2.0;0;0;3;1720;0;2010;0;9881 244th Pl NE;Redmond;WA 98053;224.64
2014-05-15;312000.0;3.0;2.25;1490;974;2.0;0;0;3;1220;270;2009;0;5021 Delridge Way SW;Seattle;WA 98106;209.4
2014-05-15;720000.0;3.0;2.5;3150;151588;2.0;0;0;3;3150;0;2007;0;31215 SE 40th St;Fall City;WA 98024;228.57
2014-05-15;914500.0;4.0;2.5;3950;10856;3.0;0;0;3;3950;0;2013;1923;25707 SE 30th St;Sammamish;WA 98075;231.52
2014-05-15;819995.0;5.0;2.75;3030;10335;2.0;0;0;3;3030;0;2013;1923;8024 117th Pl SE;Newcastle;WA 98056;270.63
2014-05-16;252700.0;2.0;1.5;1070;9643;1.0;0;0;3;1070;0;1985;0;13105 SE 277th Pl;Kent;WA 98030;236.17
2014-05-16;437500.0;3.0;2.5;2320;36847;2.0;0;2;3;2320;0;1992;0;12711 470th Ave SE;North Bend;WA 98045;188.58
2014-05-16;350000.0;1.0;1.0;700;5100;1.0;0;0;3;700;0;1942;1999;6849 26th Ave NE;Seattle;WA 98115;500.0
2014-05-16;619000.0;3.0;2.5;2720;6439;2.0;0;0;3;2720;0;2005;0;6516 Denny Peak Dr SE;Snoqualmie;WA 98065;227.57
2014-05-16;408200.0;3.0;2.5;1800;5761;2.0;0;0;4;1800;0;1990;0;8124 24th Ave SW;Seattle;WA 98106;226.78
2014-05-16;451000.0;3.0;1.75;1560;4049;1.5;0;2;3;1000;560;1926;2003;4042 34th Ave SW;Seattle;WA 98126;289.1
2014-05-16;317000.0;3.0;2.0;1760;11410;1.0;0;0;5;1060;700;1977;0;16703 133rd Pl SE;Renton;WA 98058;180.11
2014-05-16;799000.0;4.0;3.25;3120;5000;2.0;0;0;3;2370;750;2005;0;2561 NE 85th St;Seattle;WA 98115;256.09
2014-05-16;720000.0;2.0;1.0;2020;7200;1.0;0;3;4;1700;320;1947;1988;10835 41st Ave SW;Seattle;WA 98146;356.44
2014-05-16;490000.0;3.0;2.0;1450;2400;1.5;0;0;3;1450;0;1900;2003;1746 NW 60th St;Seattle;WA 98107;337.93
2014-05-16;239900.0;4.0;2.25;1860;7000;1.0;0;0;3;1120;740;1979;2014;401 SW 322nd St;Federal Way;WA 98023;128.98
2014-05-16;446000.0;4.0;2.25;2270;7800;1.0;0;0;3;1290;980;1977;2004;11123 NE 141st Pl;Kirkland;WA 98034;196.48
2014-05-16;275000.0;3.0;2.5;1480;15639;2.0;0;0;3;1480;0;1987;2000;44402 SE 142nd Pl;North Bend;WA 98045;185.81
2014-05-16;239950.0;5.0;1.0;1460;6032;2.0;0;0;4;1460;0;1941;1998;13012 41st Ave S;Tukwila;WA 98168;164.35
2014-05-16;248000.0;4.0;3.5;1850;6519;2.0;0;0;3;1130;720;1986;0;1501-1515 SW 327th St;Federal Way;WA 98023;134.05
2014-05-16;619500.0;3.0;2.5;2170;5000;2.0;0;0;3;2170;0;2003;0;1778 26th Ave NE;Issaquah;WA 98029;285.48
2014-05-16;363750.0;3.0;1.75;1726;197326;2.0;0;0;4;1726;0;1982;2011;28507 Vashon Hwy SW;Vashon;WA 98070;210.75
2014-05-16;385000.0;3.0;1.75;1180;10541;1.0;0;0;4;940;240;1981;0;23013 NE 28th St;Sammamish;WA 98074;326.27
2014-05-16;370000.0;4.0;1.5;1370;9957;1.0;0;0;3;900;470;1972;2002;12054 NE 137th Ct;Kirkland;WA 98034;270.07
2014-05-16;425000.0;3.0;2.5;2670;13218;1.0;0;0;4;2670;0;1988;0;26010 141st Ave SE;Kent;WA 98042;159.18
2014-05-16;342000.0;3.0;1.0;1260;6826;1.0;0;0;3;720;540;1944;0;14040 24th Ave NE;Seattle;WA 98125;271.43
2014-05-16;345000.0;4.0;1.0;1980;7991;1.5;0;0;3;1980;0;1962;2003;12652 SE 160th St;Renton;WA 98058;174.24
2014-05-16;724800.0;3.0;2.0;2050;3933;1.0;0;0;3;1180;870;1926;2001;2610 E Montlake Pl E;Seattle;WA 98112;353.56
2014-05-16;725000.0;5.0;2.75;2830;5310;2.0;0;0;3;2830;0;2006;0;11931 179th Pl NE;Redmond;WA 98052;256.18
2014-05-16;605000.0;2.0;1.0;910;3600;1.0;0;0;4;910;0;1909;1989;1617-1621 3rd Ave W;Seattle;WA 98119;664.84
2014-05-16;350000.0;4.0;2.5;2440;4000;2.0;0;0;3;2440;0;2009;0;24246 229th Ave SE;Maple Valley;WA 98038;143.44
2014-05-16;785000.0;3.0;2.0;2180;5440;1.0;0;0;5;1100;1080;1904;0;4111 Woodland Park Ave N;Seattle;WA 98103;360.09
2014-05-16;250000.0;3.0;2.0;1900;6660;1.0;0;0;5;950;950;1966;0;27022 216th Ave SE;Maple Valley;WA 98038;131.58
2014-05-16;565000.0;3.0;2.25;1520;1221;3.0;0;0;3;1520;0;2013;1923;1512 NW 62nd St;Seattle;WA 98107;371.71
2014-05-16;875000.0;3.0;2.0;2220;6641;1.0;0;2;4;1220;1000;1947;1988;2559 24th Ave W;Seattle;WA 98199;394.14
2014-05-16;862500.0;4.0;2.75;3280;24440;2.0;0;0;3;3280;0;1996;0;12040 201st Pl NE;Woodinville;WA 98077;262.96
2014-05-16;400000.0;3.0;2.5;2740;83199;2.0;0;4;3;2740;0;1973;2013;27200-27218 52nd Ave S;Kent;WA 98032;145.99
2014-05-16;282613.0;2.0;1.0;830;6017;1.0;0;0;4;830;0;1954;1979;16221 Bagley Pl N;Shoreline;WA 98133;340.5
2014-05-16;174500.0;2.0;1.0;1010;5200;1.0;0;0;3;1010;0;1955;2005;20721 9th Ave S;Des Moines;WA 98198;172.77
2014-05-16;306500.0;3.0;2.25;2060;38377;1.0;0;0;4;1560;500;1978;2000;36415 12th Pl S;Federal Way;WA 98003;148.79
2014-05-16;445000.0;3.0;2.25;1990;7340;2.0;0;0;3;1990;0;1984;0;17849 149th Ave NE;Woodinville;WA 98072;223.62
2014-05-16;433000.0;4.0;2.5;2280;7568;2.0;0;0;4;2280;0;2001;0;2207 Kennewick Pl NE;Renton;WA 98056;189.91
2014-05-16;306000.0;3.0;2.5;1870;5874;2.0;0;0;3;1870;0;2005;0;22610 133rd Pl SE;Kent;WA 98042;163.64
2014-05-16;620000.0;3.0;2.25;1720;4000;1.5;0;0;4;1450;270;1921;0;5255 39th Ave NE;Seattle;WA 98105;360.47
2014-05-16;245000.0;2.0;1.0;870;6150;1.0;0;0;3;870;0;1941;1994;8627 9th Ave SW;Seattle;WA 98106;281.61
2014-05-16;238000.0;3.0;2.0;1020;1204;2.0;0;0;3;720;300;2004;2003;3419 SW Morgan St;Seattle;WA 98126;233.33
2014-05-16;523000.0;3.0;1.5;1260;3135;1.5;0;0;3;1260;0;1931;0;3200 44th Ave SW;Seattle;WA 98116;415.08
2014-05-16;522500.0;3.0;2.5;2370;7875;2.0;0;0;3;2370;0;2003;0;6504 E Crest View Loop SE;Snoqualmie;WA 98065;220.46
2014-05-16;180000.0;3.0;1.0;1000;18513;1.0;0;0;3;1000;0;1940;1996;1001 SW 102nd St;Seattle;WA 98146;180.0
2014-05-16;375000.0;3.0;1.5;1100;1751;2.0;0;0;3;940;160;2007;0;2001 S Norman St;Seattle;WA 98144;340.91
2014-05-16;249000.0;3.0;2.25;1440;7673;1.0;0;0;3;940;500;1982;0;22119 123rd Ave SE;Kent;WA 98031;172.92
2014-05-16;730100.0;4.0;2.5;3120;14300;2.0;0;0;3;3120;0;2003;0;120 Mt Si Pl NW;Issaquah;WA 98027;234.01
2014-05-16;551000.0;2.0;2.0;2260;9604;1.0;0;0;3;2260;0;1990;2009;9930 NE 197th St;Bothell;WA 98011;243.81
2014-05-16;375000.0;4.0;2.5;2790;7956;2.0;0;0;3;2790;0;2005;0;26004 18th Ave S;Des Moines;WA 98198;134.41
2014-05-16;540000.0;1.0;1.0;1140;6700;1.5;0;0;3;1140;0;1920;1979;9055 Palatine Ave N;Seattle;WA 98103;473.68
2014-05-16;605000.0;3.0;2.25;1290;2500;2.0;0;0;4;1290;0;1987;0;411 27th Ave E;Seattle;WA 98112;468.99
2014-05-16;205000.0;5.0;1.75;1730;5200;1.0;0;0;4;1050;680;1978;2000;26607 190th Ave SE;Covington;WA 98042;118.5
2014-05-16;645000.0;4.0;2.5;3160;11380;2.0;0;0;3;3160;0;1983;2009;2504 225th Pl NE;Sammamish;WA 98074;204.11
2014-05-16;314000.0;4.0;2.5;2340;8990;2.0;0;0;3;2340;0;2003;0;24925 234th Pl SE;Maple Valley;WA 98038;134.19
2014-05-16;330000.0;3.0;1.5;1170;4950;1.0;0;0;4;1170;0;1960;2001;15421 SE 4th Pl;Bellevue;WA 98007;282.05
2014-05-16;490000.0;2.0;1.0;1160;5000;1.0;0;0;4;1160;0;1937;0;7752 33rd Ave NW;Seattle;WA 98117;422.41
2014-05-16;445000.0;3.0;3.0;1970;24318;1.0;0;0;3;1970;0;2010;0;18819 71st Ave NE;Kenmore;WA 98028;225.89
2014-05-16;2000000.0;5.0;4.25;6490;10862;2.0;0;3;4;3940;2550;1991;0;4080 E Mercer Way;Mercer Island;WA 98040;308.17
2014-05-16;377500.0;3.0;2.25;1410;1377;2.0;0;0;3;1290;120;2005;0;2012 NW Boulder Way Dr;Issaquah;WA 98027;267.73
2014-05-16;480000.0;4.0;2.5;2430;5000;2.0;0;0;3;2430;0;2009;0;35019 SE Terrace St;Snoqualmie;WA 98065;197.53
2014-05-16;804995.0;5.0;1.5;3360;5402;2.0;0;0;3;3360;0;2014;0;21481 SE 2nd Pl;Sammamish;WA 98074;239.58
2014-05-16;341000.0;3.0;2.5;1480;1663;2.0;0;0;3;1180;300;2012;1912;6510 34th Ave SW;Seattle;WA 98126;230.41
2014-05-16;675000.0;5.0;2.5;3200;6455;2.0;0;0;3;3200;0;2009;0;6227-6299 Whitaker Ln SE;Snoqualmie;WA 98065;210.94
2014-05-16;611000.0;3.0;2.5;2134;1984;2.5;0;0;3;2134;0;2008;0;373 NE Eagle Way;Issaquah;WA 98029;286.32
2014-05-16;379950.0;3.0;3.25;1860;1787;3.0;0;0;3;1860;0;2007;0;17510 12th Ave NE;Shoreline;WA 98155;204.27
2014-05-16;1270000.0;4.0;3.0;5520;8313;2.0;0;3;3;3570;1950;2008;0;4468 158th Ave SE;Bellevue;WA 98006;230.07
2014-05-16;500000.0;2.0;2.5;1310;1500;2.0;0;0;3;1160;150;2006;0;921-927 18th Ave;Seattle;WA 98122;381.68
2014-05-17;410000.0;3.0;2.0;1700;4250;1.0;0;0;3;890;810;1944;0;2204 W Emerson St;Seattle;WA 98199;241.18
2014-05-18;415000.0;3.0;2.5;2480;8342;2.0;0;0;3;2480;0;1986;0;18303 155th Pl SE;Renton;WA 98058;167.34
2014-05-18;297000.0;5.0;2.5;1970;8605;2.0;0;0;4;1970;0;1994;0;419 Wetherbee Ln;Enumclaw;WA 98022;150.76
2014-05-18;575550.0;4.0;2.5;2060;7475;1.0;0;0;3;1440;620;1985;0;14117 175th Ave NE;Redmond;WA 98052;279.39
2014-05-18;534640.0;3.0;2.5;2130;3500;1.0;0;0;4;1210;920;1994;0;13440 NE 148th St;Woodinville;WA 98072;251.0
2014-05-18;352500.0;3.0;2.25;1410;14110;1.0;0;2;3;1170;240;1987;2000;7426 N Fork Rd SE;Snoqualmie;WA 98065;250.0
2014-05-18;488000.0;2.0;2.0;1360;4688;1.0;0;0;3;780;580;1944;0;8023 12th Ave NE;Seattle;WA 98115;358.82
2014-05-18;732000.0;3.0;2.0;1940;55756;1.0;0;0;5;1940;0;1954;0;2049 144th Ave SE;Bellevue;WA 98007;377.32
2014-05-19;215000.0;2.0;2.25;1610;2040;2.0;0;0;4;1610;0;1979;0;2906 Kennewick Pl NE;Renton;WA 98056;133.54
2014-05-19;592500.0;2.0;2.0;1420;9191;1.5;0;2;5;1420;0;1928;1970;800 NE 95th St;Seattle;WA 98115;417.25
2014-05-19;290000.0;4.0;2.5;1700;7280;2.0;0;0;4;1700;0;1988;0;22020 127th Ct SE;Kent;WA 98031;170.59
2014-05-19;475000.0;2.0;1.0;1490;3825;1.0;0;0;3;860;630;1929;0;7008 19th Ave NW;Seattle;WA 98117;318.79
2014-05-19;320000.0;3.0;2.5;2680;7757;2.0;0;0;3;2680;0;1990;2009;833 SW 346th St;Federal Way;WA 98023;119.4
2014-05-19;1216000.0;4.0;2.5;3190;8684;1.0;0;3;5;1680;1510;1967;0;4625 Somerset Dr SE;Bellevue;WA 98006;381.19
2014-05-19;290000.0;5.0;1.5;2120;7700;1.5;0;0;5;2120;0;1962;0;12611 SE 160th St;Renton;WA 98058;136.79
2014-05-19;487250.0;4.0;2.0;1690;3250;1.5;0;0;3;1550;140;1901;0;4800-4898 Whitman Ave N;Seattle;WA 98103;288.31
2014-05-19;339000.0;4.0;2.5;1830;8601;2.0;0;0;3;1830;0;2003;0;27305 245th Ave SE;Maple Valley;WA 98038;185.25
2014-05-19;440000.0;2.0;1.5;1010;1968;1.5;0;0;5;1010;0;1906;0;6411 22nd Ave NW;Seattle;WA 98107;435.64
2014-05-19;366500.0;4.0;2.75;2070;9300;1.0;0;0;5;1120;950;1945;0;15511 9th Ave NE;Shoreline;WA 98155;177.05
2014-05-19;462000.0;3.0;1.5;1710;4500;1.5;0;0;3;1410;300;1928;1954;5151 S Othello St;Seattle;WA 98118;270.18
2014-05-19;560000.0;4.0;1.0;1660;4690;1.5;0;0;3;1260;400;1945;2010;7353 16th Ave NW;Seattle;WA 98117;337.35
2014-05-19;285000.0;4.0;1.75;2080;13629;1.0;0;0;4;1040;1040;1955;2009;8024 S 130th St;Seattle;WA 98178;137.02
2014-05-19;280000.0;3.0;2.5;1270;9675;2.0;0;0;3;1270;0;1993;0;44633 SE 151st St;North Bend;WA 98045;220.47
2014-05-19;210000.0;3.0;1.0;1080;21043;1.0;0;0;3;1080;0;1942;1999;5612 18th Ave SW;Seattle;WA 98106;194.44
2014-05-19;690000.0;3.0;2.0;1610;5100;1.5;0;0;5;1610;0;1940;0;7341 20th Ave NE;Seattle;WA 98115;428.57
2014-05-19;256500.0;2.0;1.0;1120;9912;1.0;0;0;4;1120;0;1980;0;7615 SW 257th St;Vashon;WA 98070;229.02
2014-05-19;411000.0;4.0;2.75;2500;5257;2.0;0;0;3;2500;0;1966;1963;8309 36th Ave S;Seattle;WA 98118;164.4
2014-05-19;215000.0;3.0;1.0;970;7275;1.0;0;0;4;970;0;1970;0;11428 SE 225th St;Kent;WA 98031;221.65
2014-05-19;762000.0;5.0;2.0;3370;5000;1.5;0;0;4;2140;1230;1907;0;365 Crockett St;Seattle;WA 98109;226.11
2014-05-19;359950.0;3.0;1.0;1290;189486;1.0;0;0;4;1290;0;1960;2001;29701-29727 138th Ave SE;Auburn;WA 98092;279.03
2014-05-19;480000.0;4.0;3.5;3370;435600;2.0;0;3;3;3370;0;2005;0;44250 SE Edgewick Rd;North Bend;WA 98045;142.43
2014-05-19;1405000.0;4.0;3.5;3410;10769;2.0;0;0;3;3410;0;2008;0;10635 SE 2nd St;Bellevue;WA 98004;412.02
2014-05-19;390000.0;4.0;2.5;2490;8290;2.0;0;0;3;2490;0;1999;0;30271 129th Ave SE;Auburn;WA 98092;156.63
2014-05-19;413500.0;2.0;1.0;770;4000;1.0;0;0;5;770;0;1924;1956;615 NW 92nd St;Seattle;WA 98117;537.01
2014-05-19;285000.0;1.0;1.5;810;3211;2.0;0;0;4;810;0;1982;2011;11807 NE 105th Ct;Kirkland;WA 98033;351.85
2014-05-19;475000.0;4.0;2.5;3060;10043;1.0;0;0;4;1700;1360;1968;0;15024 Wallingford Ave N;Shoreline;WA 98133;155.23
2014-05-19;386591.0;3.0;2.5;1690;1613;2.0;0;0;3;1150;540;2014;0;2500 Mulberry Walk NE;Issaquah;WA 98029;228.75
2014-05-19;524950.0;3.0;1.75;1890;3825;1.0;0;0;3;1290;600;1974;0;7360 19th Ave NW;Seattle;WA 98117;277.75
2014-05-19;241000.0;2.0;2.0;1470;3128;2.0;0;0;3;1470;0;2005;0;24023 SE 282nd St;Maple Valley;WA 98038;163.95
2014-05-19;461000.0;2.0;1.0;1060;7193;1.0;0;0;3;1060;0;1926;2003;11053 Greenwood Ave N;Seattle;WA 98133;434.91
2014-05-19;810000.0;4.0;2.5;3480;59242;2.0;0;0;3;3480;0;1988;2000;17822 NE 154th St;Woodinville;WA 98072;232.76
2014-05-19;885000.0;4.0;2.75;2730;3560;1.5;0;0;3;1550;1180;1921;2007;6211 Ravenna Ave NE;Seattle;WA 98115;324.18
2014-05-19;247000.0;3.0;2.25;1580;7941;2.0;0;0;4;1580;0;1986;0;1714 SW 354th Pl;Federal Way;WA 98023;156.33
2014-05-19;296500.0;3.0;2.75;2170;7900;1.0;0;0;4;1380;790;1978;2000;26715 Stanford Ct;Kent;WA 98032;136.64
2014-05-19;141800.0;2.0;1.0;930;4743;1.0;0;0;4;930;0;1942;1982;821 Dayton Ave NE;Renton;WA 98056;152.47
2014-05-19;333000.0;4.0;2.0;1580;7800;2.0;0;0;2;1580;0;1906;0;2023 24th Ave S;Seattle;WA 98144;210.76
2014-05-19;602000.0;5.0;1.75;3290;11900;1.5;0;0;3;3290;0;1973;2013;6305 150th Ave NE;Redmond;WA 98052;182.98
2014-05-19;565000.0;4.0;2.25;2110;10698;2.0;0;0;4;2110;0;1979;0;4621 193rd Pl SE;Issaquah;WA 98027;267.77
2014-05-19;373000.0;3.0;2.5;1670;3565;2.0;0;0;3;1670;0;1999;0;18581 134th Pl NE;Woodinville;WA 98072;223.35
2014-05-19;588000.0;3.0;2.25;2030;7350;1.0;0;0;4;1190;840;1977;0;10510 160th Ave NE;Redmond;WA 98052;289.66
2014-05-19;485000.0;3.0;1.0;1500;4100;1.5;0;0;3;1370;130;1926;2003;816 NW Market St;Seattle;WA 98107;323.33
2014-05-19;482500.0;3.0;2.25;1450;1445;2.0;0;0;3;980;470;2005;0;1820 24th Ave;Seattle;WA 98122;332.76
2014-05-19;251200.0;4.0;1.5;1310;8250;1.0;0;0;3;1060;250;1953;0;240 S 198th St;Des Moines;WA 98148;191.76
2014-05-19;869000.0;5.0;3.25;4180;49222;2.0;0;0;4;2880;1300;1979;0;18524 SE 60th St;Issaquah;WA 98027;207.89
2014-05-19;464000.0;3.0;1.75;1630;28600;1.0;0;0;3;1630;0;1967;2011;14926 NE 202nd St;Woodinville;WA 98072;284.66
2014-05-19;755000.0;4.0;2.5;2660;10452;2.0;0;0;3;2660;0;1993;0;10805 177th Ct NE;Redmond;WA 98052;283.83
2014-05-19;280000.0;3.0;2.5;1720;1916;2.0;0;0;3;1720;0;2005;0;454 A St;Renton;WA 98056;162.79
2014-05-19;485000.0;2.0;2.25;1260;1240;3.0;0;0;3;1260;0;2004;2003;3646 Dayton Ave N;Seattle;WA 98103;384.92
2014-05-19;305000.0;3.0;1.75;1610;12247;1.0;0;0;3;1610;0;1981;2013;16215 SE 172nd Ct;Renton;WA 98058;189.44
2014-05-19;110700.0;2.0;1.0;680;8064;1.0;0;0;3;680;0;1941;1994;14917-14999 27th Pl S;SeaTac;WA 98188;162.79
2014-05-19;850000.0;4.0;3.5;2640;5900;2.0;0;2;3;2640;0;1937;1998;6728 40th Ave SW;Seattle;WA 98136;321.97
2014-05-19;350000.0;3.0;2.25;1640;7200;2.0;0;0;4;1640;0;1985;0;1755 140th Ct SE;Bellevue;WA 98007;213.41
2014-05-19;319950.0;4.0;1.75;2310;8045;1.0;0;0;4;1650;660;1976;1992;16336 131st Ave SE;Renton;WA 98058;138.51
2014-05-19;700000.0;3.0;1.75;2010;4905;1.0;0;0;5;1230;780;1912;0;901 18th Ave;Seattle;WA 98122;348.26
2014-05-19;368000.0;2.0;1.5;1660;4680;1.0;0;0;5;830;830;1908;0;10010 44th Ave SW;Seattle;WA 98146;221.69
2014-05-19;433500.0;3.0;2.5;2200;3360;2.0;0;0;3;2200;0;2009;0;6729 37th Ave S;Seattle;WA 98118;197.05
2014-05-19;611000.0;4.0;2.5;2460;4200;2.0;0;0;3;2460;0;1998;2006;23911 SE 6th St;Redmond;WA 98074;248.37
2014-05-19;1000000.0;2.0;1.75;2430;23400;1.0;0;4;3;2430;0;1951;1994;18200-18298 13th Ave NW;Shoreline;WA 98177;411.52
2014-05-19;307000.0;3.0;1.0;1370;7500;1.0;0;0;3;1370;0;1960;2012;4751 Stephens Ave;Carnation;WA 98014;224.09
2014-05-19;442500.0;3.0;1.75;1800;10200;1.0;0;0;3;1800;0;1967;2011;17110-17116 146th Ave SE;Renton;WA 98058;245.83
2014-05-19;485000.0;3.0;1.75;2200;7706;2.0;0;2;3;2200;0;1908;1988;23902 6th Ave S;Des Moines;WA 98198;220.45
2014-05-19;367000.0;2.0;1.0;700;2334;1.0;0;0;3;700;0;1945;2010;2632 NW North Beach Dr;Seattle;WA 98117;524.29
2014-05-19;429000.0;3.0;2.5;1920;15124;2.0;0;0;3;1920;0;1995;0;714 NE 10th St;North Bend;WA 98045;223.44
2014-05-19;446000.0;5.0;2.75;2190;12687;1.0;0;0;5;1370;820;1978;0;20402 63rd Ave NE;Kenmore;WA 98028;203.65
2014-05-19;572500.0;3.0;2.25;2030;9791;1.0;0;0;4;1500;530;1984;0;13322 SE 77th Ct;Newcastle;WA 98059;282.02
2014-05-19;477000.0;3.0;2.5;1350;2053;3.0;0;0;3;1350;0;2005;0;2313 NW 65th St;Seattle;WA 98117;353.33
2014-05-19;518000.0;3.0;2.5;1680;2096;2.0;0;0;3;1380;300;2008;0;8354 11th Ave NW;Seattle;WA 98117;308.33
2014-05-19;462000.0;5.0;1.75;1250;10530;1.0;0;0;4;1250;0;1966;0;4 151st Pl NE;Bellevue;WA 98007;369.6
2014-05-19;1190000.0;4.0;3.0;2240;6000;1.5;0;0;4;1270;970;1914;1945;2009 4th Ave N;Seattle;WA 98109;531.25
2014-05-19;137000.0;3.0;1.0;950;7620;1.0;0;0;3;950;0;1954;2005;9445 8th Ave SW;Seattle;WA 98106;144.21
2014-05-19;530000.0;3.0;3.5;2320;3174;2.0;0;0;3;2060;260;1997;0;12418 NE 100th St;Kirkland;WA 98033;228.45
2014-05-19;818000.0;2.0;2.5;2380;9374;1.0;0;2;3;2380;0;2011;0;12449 240th Pl NE;Redmond;WA 98053;343.7
2014-05-19;640000.0;2.0;2.25;1540;958;3.0;0;0;3;1540;0;2007;0;1806 11th Ave;Seattle;WA 98122;415.58
2014-05-19;298450.0;5.0;3.0;2100;9752;1.0;0;0;3;1200;900;2007;0;29801-29829 23rd Avenue South;Federal Way;WA 98003;142.12
2014-05-19;575000.0;4.0;2.5;2500;4945;2.0;0;0;3;2500;0;2013;1923;34115 SE Ash St;Snoqualmie;WA 98065;230.0
2014-05-20;730000.0;4.0;2.5;3230;7331;2.0;0;0;3;3230;0;2004;2003;2913 278th Ave SE;Sammamish;WA 98075;226.01
2014-05-20;551000.0;3.0;2.5;2830;5802;2.0;0;0;3;2830;0;2001;0;7928 NE 182nd Pl;Kenmore;WA 98028;194.7
2014-05-20;271310.0;2.0;1.0;870;5340;1.5;0;0;2;870;0;1906;0;2019 24th Ave S;Seattle;WA 98144;311.85
2014-05-20;675000.0;4.0;3.0;2690;28300;1.0;0;0;3;2690;0;1954;1999;17428 7th Pl SW;Normandy Park;WA 98166;250.93
2014-05-20;479000.0;3.0;2.5;1260;889;3.0;0;0;3;1260;0;2008;0;915 6th Ave N;Seattle;WA 98109;380.16
2014-05-20;520000.0;4.0;3.5;2680;10000;2.0;0;0;3;2040;640;1942;2014;13342 30th Ave NE;Seattle;WA 98125;194.03
2014-05-20;599950.0;3.0;2.5;2660;4975;2.0;0;0;3;2660;0;2014;0;4810 S Raymond St;Seattle;WA 98118;225.55
2014-05-20;483945.0;2.0;1.75;1480;5120;1.0;0;0;4;840;640;1951;1999;4844 47th Ave SW;Seattle;WA 98116;326.99
2014-05-20;390000.0;4.0;2.25;1770;33132;1.0;0;0;4;1190;580;1965;0;14223 SE 179th Pl;Renton;WA 98058;220.34
2014-05-20;192500.0;2.0;1.0;950;7692;1.0;0;0;3;950;0;1926;2003;12516 Military Rd S;Seattle;WA 98168;202.63
2014-05-20;330000.0;2.0;1.0;860;8308;1.0;0;0;4;860;0;1948;0;3522 SW 107th St;Seattle;WA 98146;383.72
2014-05-20;250000.0;4.0;2.0;1960;7560;1.0;0;0;5;1160;800;1978;0;12206 SE 217th St;Kent;WA 98031;127.55
2014-05-20;243000.0;2.0;1.0;1770;5522;1.5;0;0;4;960;810;1943;0;8040 S 118th St;Seattle;WA 98178;137.29
2014-05-20;575000.0;4.0;1.75;1280;6060;1.0;0;0;3;860;420;1926;2003;7032 7th Ave NW;Seattle;WA 98117;449.22
2014-05-20;639000.0;4.0;2.5;2150;12028;2.0;0;0;4;2150;0;1982;2011;13615 179th Ave NE;Redmond;WA 98052;297.21
2014-05-20;710000.0;2.0;1.0;1790;4000;1.0;0;0;4;1040;750;1923;0;2422 E McGraw St;Seattle;WA 98112;396.65
2014-05-20;675000.0;3.0;2.25;1990;10260;2.0;0;0;4;1990;0;1987;0;16822 NE 87th St;Redmond;WA 98052;339.2
2014-05-20;405000.0;5.0;2.5;2430;4781;2.0;0;0;3;2430;0;2001;0;16819 SE 171st Pl;Renton;WA 98058;166.67
2014-05-20;615000.0;4.0;2.75;2820;13193;1.0;0;0;3;1860;960;1965;1993;4941-4949 125th Ave SE;Bellevue;WA 98006;218.09
2014-05-20;490000.0;3.0;1.0;1910;8190;1.0;0;0;4;1010;900;1946;1989;9237 7th Ave NW;Seattle;WA 98117;256.54
2014-05-20;467000.0;3.0;2.25;1270;1213;2.0;0;0;3;1040;230;2005;0;1427 NW 62nd St;Seattle;WA 98107;367.72
2014-05-20;480000.0;4.0;2.75;2050;3960;1.0;0;0;4;1180;870;1986;0;2612 49th Ave SW;Seattle;WA 98116;234.15
2014-05-20;755000.0;6.0;2.0;2150;4505;1.0;0;0;3;1270;880;1952;2008;3429 9th Ave W;Seattle;WA 98119;351.16
2014-05-20;760000.0;4.0;1.75;2450;13300;1.0;0;2;4;1630;820;1987;0;5028 157th Ave SE;Bellevue;WA 98006;310.2
2014-05-20;387000.0;2.0;2.25;1230;1280;2.0;0;0;3;960;270;2012;1912;801-921 Martin Luther King Jr Way S;Seattle;WA 98144;314.63
2014-05-20;925000.0;4.0;2.25;2260;41984;1.0;0;0;4;2260;0;1967;0;6046 126th Ave NE;Kirkland;WA 98033;409.29
2014-05-20;415000.0;2.0;1.0;1050;60113;1.0;0;0;4;1050;0;1943;0;3720 S 312th Ln;Auburn;WA 98001;395.24
2014-05-20;263000.0;3.0;1.75;1570;7775;2.0;0;0;3;1570;0;1982;0;9226 S 239th Pl;Kent;WA 98031;167.52
2014-05-20;519900.0;4.0;2.0;1820;9350;1.0;0;0;4;1820;0;1967;0;2019 182nd Ave NE;Redmond;WA 98052;285.66
2014-05-20;570000.0;2.0;1.75;1540;4025;1.0;0;0;4;1190;350;1908;0;1715 46th Ave SW;Seattle;WA 98116;370.13
2014-05-20;450000.0;3.0;1.5;2060;44866;1.0;0;0;3;2060;0;1953;0;21533 NE Woodinville Duvall Rd;Woodinville;WA 98077;218.45
2014-05-20;1300000.0;4.0;3.5;4380;74052;1.0;0;0;3;4380;0;2001;0;5830 246th Pl NE;Redmond;WA 98053;296.8
2014-05-20;300000.0;3.0;1.0;1090;9900;1.0;0;0;4;1090;0;1955;2009;13424 NE 80th St;Redmond;WA 98052;275.23
2014-05-20;320000.0;3.0;1.75;1480;7225;1.0;0;0;4;1480;0;1965;0;2525 NE 24th St;Renton;WA 98056;216.22
2014-05-20;387500.0;4.0;1.0;1320;4440;1.5;0;0;3;1320;0;1929;0;1505 29th Ave;Seattle;WA 98122;293.56
2014-05-20;458000.0;1.0;2.25;2140;10350;1.0;0;0;3;1470;670;1976;0;14634 128th Ave NE;Woodinville;WA 98072;214.02
2014-05-20;1212500.0;4.0;3.5;4560;16643;1.0;0;3;3;2230;2330;1995;0;16864 SE 57th Pl;Bellevue;WA 98006;265.9
2014-05-20;380000.0;4.0;3.0;2800;9764;2.0;0;0;3;2800;0;2002;0;24729 SE 276th Pl;Maple Valley;WA 98038;135.71
2014-05-20;200000.0;3.0;1.0;1050;5000;1.0;0;0;4;1050;0;1967;0;602 Tacoma Ave NE;Renton;WA 98056;190.48
2014-05-20;385000.0;3.0;1.5;1490;9630;1.0;0;0;4;1490;0;1959;0;6428 NE 184th St;Kenmore;WA 98028;258.39
2014-05-20;396675.0;2.0;1.0;1730;6375;2.0;0;0;4;1730;0;1945;0;7358 28th Ave SW;Seattle;WA 98126;229.29
2014-05-20;452000.0;4.0;1.0;1210;3760;1.5;0;0;3;1210;0;1900;2005;1106 N 80th St;Seattle;WA 98103;373.55
2014-05-20;426000.0;4.0;2.5;2800;8494;2.0;0;0;3;2800;0;2004;2003;24957 SE 279th St;Maple Valley;WA 98038;152.14
2014-05-20;792000.0;3.0;1.5;1570;1050;2.0;0;0;3;1570;0;1915;0;1833 1st Ave N;Seattle;WA 98109;504.46
2014-05-20;315000.0;3.0;2.25;1400;31626;1.0;0;0;2;1140;260;1987;0;20515 SE 333rd Pl;Auburn;WA 98092;225.0
2014-05-20;1275000.0;4.0;2.0;2850;7861;1.0;0;4;4;1450;1400;1970;0;3014 NW Esplanade;Seattle;WA 98117;447.37
2014-05-20;326000.0;6.0;3.0;1880;7200;1.0;0;0;4;1880;0;1966;0;1178 Camas Ave NE;Renton;WA 98056;173.4
2014-05-20;268500.0;2.0;1.0;790;8424;1.0;0;0;4;790;0;1953;1983;556 N 167th St;Shoreline;WA 98133;339.87
2014-05-20;440000.0;2.0;1.75;1300;4000;2.0;0;0;3;1300;0;1948;1994;5501 37th Ave NE;Seattle;WA 98105;338.46
2014-05-20;300000.0;3.0;1.0;2120;7735;1.0;0;0;4;1060;1060;1967;0;12840 163rd Ave SE;Renton;WA 98059;141.51
2014-05-20;525000.0;3.0;1.5;1540;4773;2.0;0;0;3;1540;0;1941;2009;4017 36th Ave SW;Seattle;WA 98126;340.91
2014-05-20;978000.0;4.0;2.75;2620;13777;1.5;0;2;4;1720;900;1926;1993;2602 Shoreland Dr S;Seattle;WA 98144;373.28
2014-05-20;1125000.0;6.0;3.0;2880;3192;2.0;0;0;4;2180;700;1919;1985;2212 N 36th St;Seattle;WA 98103;390.62
2014-05-20;700000.0;4.0;1.0;1680;4021;1.5;0;0;3;1680;0;1921;2000;2139 N 52nd St;Seattle;WA 98103;416.67
2014-05-20;315000.0;2.0;1.0;790;6969;1.0;0;0;3;790;0;1955;1984;10830 132nd Ave NE;Redmond;WA 98052;398.73
2014-05-20;309000.0;3.0;1.0;1092;7500;1.5;0;0;3;1092;0;1918;0;7757 15th Ave SW;Seattle;WA 98106;282.97
2014-05-20;219950.0;3.0;1.5;1650;9936;1.0;0;0;3;1090;560;1967;2011;425 S 305th St;Federal Way;WA 98003;133.3
2014-05-20;289000.0;3.0;2.5;2090;4700;2.0;0;0;3;2090;0;2002;0;17814 SE 257th St;Covington;WA 98042;138.28
2014-05-20;210000.0;4.0;1.75;2180;28710;1.0;0;0;3;1180;1000;1950;2005;21922 34th Ave S;SeaTac;WA 98198;96.33
2014-05-20;260000.0;4.0;2.5;1990;6671;2.0;0;0;3;1990;0;1989;0;32819 17th Ave SW;Federal Way;WA 98023;130.65
2014-05-20;699000.0;4.0;2.5;2650;7945;2.0;0;0;3;2650;0;2006;0;11332 30th Ave NE;Seattle;WA 98125;263.77
2014-05-20;1800000.0;4.0;3.5;4460;16953;1.0;0;0;3;2550;1910;1962;1994;2625 82nd Ave NE;Medina;WA 98039;403.59
2014-05-20;299950.0;3.0;1.0;910;8000;1.0;0;0;4;740;170;1950;1983;20013 15th Ave NW;Shoreline;WA 98177;329.62
2014-05-20;749950.0;3.0;2.5;2770;10773;2.0;0;2;3;2770;0;1992;0;16420 SE 39th Pl;Bellevue;WA 98008;270.74
2014-05-20;1100000.0;3.0;2.0;2390;6888;2.0;0;1;5;2390;0;1939;0;7529 Lakemont Dr NE;Seattle;WA 98115;460.25
2014-05-20;555000.0;3.0;2.5;3050;158558;1.0;0;0;4;3050;0;1987;0;701 S 52nd St;Renton;WA 98055;181.97
2014-05-20;384000.0;3.0;2.5;1700;4000;2.0;0;0;3;1700;0;2003;0;35131 SE Ridge St;Snoqualmie;WA 98065;225.88
2014-05-20;499950.0;5.0;3.5;3200;43560;2.0;0;0;3;3200;0;1989;0;18460 SE 143rd St;Renton;WA 98059;156.23
2014-05-20;430000.0;3.0;1.75;1200;4500;1.0;0;0;5;1200;0;1906;0;5206 13th Ave S;Seattle;WA 98108;358.33
2014-05-20;350000.0;4.0;2.25;2220;6953;2.0;0;0;4;2220;0;1999;0;22507 SE 279th St;Maple Valley;WA 98038;157.66
2014-05-20;620000.0;3.0;2.5;2480;9041;2.0;0;0;3;2480;0;2004;2003;8719 228th Way NE;Redmond;WA 98053;250.0
2014-05-20;765000.0;4.0;2.25;2560;12100;1.0;0;0;4;1760;800;1976;1992;17323 NE 24th St;Redmond;WA 98052;298.83
2014-05-20;250000.0;4.0;1.5;2500;6300;1.0;0;0;4;1500;1000;1961;2001;24911-24917 38th Ave S;Kent;WA 98032;100.0
2014-05-20;376000.0;2.0;1.0;1150;4000;1.0;0;0;3;1150;0;1947;2012;2825 W Elmore St;Seattle;WA 98199;326.96
2014-05-20;475000.0;4.0;1.75;1650;7775;1.0;0;0;4;1150;500;1950;1983;11726 Phinney Ave N;Seattle;WA 98133;287.88
2014-05-20;120750.0;3.0;1.75;1140;9628;1.0;0;0;4;1140;0;1969;0;34403 30th Ave SW;Federal Way;WA 98023;105.92
2014-05-20;1690000.0;3.0;1.75;3400;8965;1.0;0;2;5;1820;1580;1957;0;3872 50th Ave NE;Seattle;WA 98105;497.06
2014-05-20;330000.0;3.0;1.0;1180;43124;1.0;0;0;4;1180;0;1959;0;8442-8514 WA-900;Issaquah;WA 98027;279.66
2014-05-20;619500.0;3.0;2.5;1700;4105;2.0;0;0;3;1700;0;1992;0;3113 E Cherry St;Seattle;WA 98122;364.41
2014-05-20;345000.0;3.0;1.5;1240;11200;1.0;0;0;4;1240;0;1954;1979;15154 SE Newport Way;Bellevue;WA 98006;278.23
2014-05-20;598000.0;5.0;2.25;2890;12478;2.0;0;0;3;2890;0;1977;2004;2116 Sahalee Dr E;Sammamish;WA 98074;206.92
2014-05-20;335000.0;3.0;1.0;1060;10050;1.0;0;0;4;1060;0;1967;0;8136 NE 147th Pl;Kenmore;WA 98028;316.04
2014-05-20;372500.0;4.0;1.75;1590;10523;2.0;0;0;4;1590;0;1922;0;14556 Stone Ave N;Shoreline;WA 98133;234.28
2014-05-20;300000.0;6.0;5.25;2860;5682;2.0;0;0;3;2860;0;1978;0;606 5th St SE;Auburn;WA 98002;104.9
2014-05-20;194000.0;1.0;1.0;820;1060;1.0;0;0;3;760;60;2007;0;6017-6199 31st Ave SW;Seattle;WA 98126;236.59
2014-05-20;507500.0;3.0;2.0;2020;8118;1.0;0;0;3;1020;1000;1963;2008;16630 SE 26th St;Bellevue;WA 98008;251.24
2014-05-20;325000.0;4.0;2.25;1870;9680;1.0;0;0;4;1170;700;1959;0;12813 81st Ave NE;Kirkland;WA 98034;173.8
2014-05-20;329900.0;3.0;2.5;2170;4905;2.0;0;0;3;2170;0;2004;2003;22639 SE 280th Pl;Maple Valley;WA 98038;152.03
2014-05-20;329000.0;4.0;2.5;1600;6765;1.0;0;0;3;830;770;1947;2011;6048 26th Ave SW;Seattle;WA 98106;205.62
2014-05-20;494000.0;4.0;1.75;2090;4300;1.5;0;0;4;1250;840;1925;1968;5011 SW Dawson St;Seattle;WA 98136;236.36
2014-05-20;206000.0;4.0;2.0;1700;6025;1.0;0;0;3;1700;0;1978;0;606 5th St SE;Auburn;WA 98002;121.18
2014-05-20;423000.0;4.0;1.75;1940;6909;1.0;0;0;4;970;970;1941;1998;11207 Evanston Ave N;Seattle;WA 98133;218.04
2014-05-20;259000.0;3.0;1.0;1320;8625;1.0;0;0;4;1320;0;1957;2001;2931 NE 5th Pl;Renton;WA 98056;196.21
2014-05-20;879950.0;4.0;2.25;3500;13875;1.0;0;4;4;1830;1670;1938;0;10599 Marine View Dr SW;Seattle;WA 98146;251.41
2014-05-20;345600.0;5.0;3.5;2800;5120;2.5;0;0;3;2800;0;1903;2005;352 17th Ave;Seattle;WA 98122;123.43
2014-05-20;395000.0;3.0;1.5;1080;2940;1.5;0;0;4;1080;0;1920;0;7505 Ravenna Ave NE;Seattle;WA 98115;365.74
2014-05-20;625000.0;4.0;2.5;3550;8048;2.0;0;0;3;3550;0;2007;0;6519 Sword Fern Ave SE;Snoqualmie;WA 98065;176.06
2014-05-20;439000.0;3.0;2.0;2010;251341;2.0;0;0;3;1510;500;2003;0;16103 Kelly Rd NE;Duvall;WA 98019;218.41
2014-05-20;380000.0;3.0;1.75;1690;1468;2.0;0;0;3;1380;310;2008;0;4355 Jill Pl S;Seattle;WA 98108;224.85
2014-05-20;440000.0;3.0;1.5;1270;1443;3.0;0;0;3;1270;0;2007;0;9608 Roosevelt Way NE;Seattle;WA 98115;346.46
2014-05-20;415000.0;3.0;2.25;1970;2377;2.0;0;0;3;1680;290;2008;0;4351 Jill Pl S;Seattle;WA 98108;210.66
2014-05-20;860000.0;4.0;2.75;3160;8097;2.0;0;0;3;3160;0;2014;0;13009 NE 74th St;Kirkland;WA 98033;272.15
2014-05-20;500000.0;3.0;2.5;1210;1200;3.0;0;0;3;1210;0;2008;0;3903 Woodland Park Ave N;Seattle;WA 98103;413.22
2014-05-20;953007.0;4.0;3.5;3120;5086;2.0;0;0;3;2480;640;2008;0;6511 37th Ave NE;Seattle;WA 98115;305.45
2014-05-20;515000.0;4.0;2.5;2670;8765;2.0;0;0;3;2670;0;2006;0;5407 NE 3rd Pl;Renton;WA 98059;192.88
2014-05-20;772000.0;3.0;2.25;1640;1204;3.0;0;0;3;1640;0;2014;0;122 27th Ave E;Seattle;WA 98112;470.73
2014-05-20;329995.0;4.0;2.5;2303;3680;2.0;0;0;3;2303;0;2013;1923;38068 41st Pl S;Auburn;WA 98001;143.29
2014-05-20;409316.0;3.0;2.5;1800;3168;2.0;0;0;3;1800;0;2014;0;7416 Better Way Loop SE;Snoqualmie;WA 98065;227.4
2014-05-20;490000.0;5.0;3.5;4460;2975;3.0;0;2;3;3280;1180;2013;1923;1400 10th Ave W;Seattle;WA 98119;109.87
2014-05-20;305000.0;2.0;2.5;1590;2656;2.0;0;0;3;1220;370;2009;0;5937 Delridge Way SW;Seattle;WA 98106;191.82
2014-05-20;785000.0;4.0;3.5;3070;4684;2.0;0;0;3;2190;880;2009;0;2500-2556 NW Alpine Crest Way;Issaquah;WA 98027;255.7
2014-05-21;240000.0;2.0;1.75;1330;7200;1.0;0;0;3;1330;0;1993;0;17451 42nd Ln S;SeaTac;WA 98188;180.45
2014-05-21;325000.0;3.0;1.0;990;6750;1.0;0;0;4;990;0;1947;1988;11502 Corliss Ave N;Seattle;WA 98133;328.28
2014-05-21;535800.0;4.0;2.5;1900;5790;2.0;0;0;3;1900;0;1994;0;4136 258th Ave SE;Issaquah;WA 98029;282.0
2014-05-21;720000.0;3.0;2.5;2020;1159;3.0;0;3;3;2020;0;2000;0;208 N 45th St;Seattle;WA 98103;356.44
2014-05-21;374000.0;3.0;1.75;2000;9416;1.0;0;0;4;2000;0;1961;2001;12401 NE 108th Ln;Kirkland;WA 98033;187.0
2014-05-21;189650.0;2.0;1.75;1100;7600;1.0;0;0;3;1100;0;1980;0;1215 S 211th St;Des Moines;WA 98198;172.41
2014-05-21;420850.0;1.0;1.0;960;40946;1.0;0;0;5;960;0;1945;0;10815 E Lake Joy Dr NE;Carnation;WA 98014;438.39
2014-05-21;815000.0;4.0;2.75;3488;9614;2.0;0;0;3;3488;0;1998;2006;321 246th Way SE;Redmond;WA 98074;233.66
2014-05-21;1065000.0;2.0;1.75;1890;9466;2.0;0;0;3;1890;0;1987;2000;130 97th Ave NE;Bellevue;WA 98004;563.49
2014-05-21;199000.0;4.0;2.0;2030;8120;2.0;0;0;3;2030;0;1950;2005;11226 57th Ave S;Seattle;WA 98178;98.03
2014-05-21;195000.0;3.0;1.75;1380;7350;1.0;0;0;3;990;390;1981;2013;18600-18698 SE 259th Pl;Covington;WA 98042;141.3
2014-05-21;1506000.0;4.0;3.25;3660;5800;2.5;0;0;3;3360;300;1909;1995;1020 15th Ave E;Seattle;WA 98112;411.48
2014-05-21;288400.0;3.0;2.25;1870;3230;2.0;0;0;3;1870;0;1997;0;3901 NE 5th Pl;Renton;WA 98056;154.22
2014-05-21;442000.0;4.0;2.25;2080;12007;1.0;0;0;4;1220;860;1979;0;1740 216th Pl NE;Sammamish;WA 98074;212.5
2014-05-21;619420.0;4.0;2.75;2450;14803;2.0;0;0;4;2450;0;1988;0;8537 135th Ave SE;Newcastle;WA 98059;252.82
2014-05-21;635000.0;4.0;2.25;2750;6180;1.0;0;0;4;1500;1250;1948;0;3821 39th Ave S;Seattle;WA 98118;230.91
2014-05-21;210000.0;3.0;1.0;1240;4842;1.0;0;0;4;1240;0;1916;0;9612-9618 Renton Ave S;Seattle;WA 98118;169.35
2014-05-21;512500.0;3.0;2.5;1900;7604;2.0;0;0;3;1900;0;1990;2009;11125 115th Ave NE;Kirkland;WA 98033;269.74
2014-05-21;567000.0;3.0;2.5;2540;6093;2.0;0;0;3;2540;0;1999;0;7913-7935 79th Way NE;Kirkland;WA 98034;223.23
2014-05-21;525000.0;3.0;2.75;2100;10362;2.0;0;0;3;1510;590;1998;2006;3 Ober Strasse;Snoqualmie Pass;WA 98068;250.0
2014-05-21;475000.0;4.0;2.0;1790;2250;1.0;0;2;4;840;950;1909;1989;1017 N 38th St;Seattle;WA 98103;265.36
2014-05-21;250000.0;3.0;2.0;1170;7258;1.0;0;0;3;1170;0;1984;0;29812 55th Pl S;Auburn;WA 98001;213.68
2014-05-21;220000.0;3.0;1.0;1060;9126;1.0;0;2;5;1060;0;1956;0;1122 Harding St;Enumclaw;WA 98022;207.55
2014-05-21;230000.0;5.0;2.0;1930;6120;1.5;0;0;3;1930;0;1941;1969;10645 2nd Ave SW;Seattle;WA 98146;119.17
2014-05-21;385500.0;3.0;2.0;1540;7947;1.0;0;0;3;1120;420;1961;2004;9215 NE 183rd St;Bothell;WA 98011;250.32
2014-05-21;895000.0;5.0;3.0;2876;13927;1.0;0;2;4;1970;906;1973;0;5558 W Mercer Way;Mercer Island;WA 98040;311.2
2014-05-21;368250.0;3.0;2.5;2150;7484;2.0;0;0;3;2150;0;1988;2000;932 223rd Pl NE;Sammamish;WA 98074;171.28
2014-05-21;249900.0;2.0;1.0;1140;5500;1.0;0;0;3;1140;0;1947;2012;9412 24th Ave SW;Seattle;WA 98106;219.21
2014-05-21;350000.0;3.0;1.5;980;7790;1.0;0;0;5;980;0;1969;0;9753 NE 127th Pl;Kirkland;WA 98034;357.14
2014-05-21;175000.0;3.0;1.75;1230;13056;1.0;0;0;4;1230;0;1962;0;31649-31799 44th Ave S;Auburn;WA 98001;142.28
2014-05-21;270000.0;3.0;1.75;1390;10905;1.0;0;0;3;860;530;1957;2000;5601-5605 21st Ave SW;Seattle;WA 98106;194.24
2014-05-21;495000.0;3.0;3.5;2380;6250;2.0;0;3;3;1670;710;1997;0;6521-6599 S Norfolk St;Seattle;WA 98118;207.98
2014-05-21;1580000.0;3.0;3.25;3690;7200;2.0;0;0;3;3690;0;2007;0;440 8th Ave;Kirkland;WA 98033;428.18
2014-05-21;542500.0;5.0;3.25;3010;1074218;1.5;0;0;5;2010;1000;1931;0;16200-16398 252nd Ave SE;Issaquah;WA 98027;180.23
2014-05-21;330000.0;3.0;1.0;1250;9126;1.0;0;0;3;1250;0;1969;2010;17510 194th Ave NE;Woodinville;WA 98077;264.0
2014-05-21;1003000.0;4.0;2.75;2290;6120;2.0;0;0;4;2170;120;1926;1993;124 NE 63rd St;Seattle;WA 98115;437.99
2014-05-21;299800.0;2.0;1.0;790;5240;1.0;0;0;4;790;0;1925;1968;8041-8299 Beacon Ave S;Seattle;WA 98118;379.49
2014-05-21;299900.0;3.0;2.5;2720;6014;2.0;0;0;3;2720;0;2002;0;29820 125th Pl SE;Auburn;WA 98092;110.26
2014-05-21;691000.0;4.0;2.75;2550;8632;1.0;0;0;3;1700;850;1972;2002;4118 107th Pl NE;Kirkland;WA 98033;270.98
2014-05-21;195000.0;2.0;1.0;1080;3899;1.0;0;0;4;1080;0;1972;0;24807 10th Ave S;Des Moines;WA 98198;180.56
2014-05-21;405000.0;3.0;1.75;2470;9620;1.0;0;1;4;1570;900;1962;0;1018 S 226th St;Des Moines;WA 98198;163.97
2014-05-21;360000.0;2.0;0.75;850;7710;1.0;0;2;5;550;300;1909;1988;2458 S Ferdinand St;Seattle;WA 98108;423.53
2014-05-21;256750.0;3.0;2.5;1990;8991;1.0;0;0;3;1570;420;1969;2010;23255 133rd Ave SE;Kent;WA 98042;129.02
2014-05-21;332500.0;3.0;2.25;1800;10500;2.0;0;0;3;1800;0;1995;0;23902 231st Pl SE;Maple Valley;WA 98038;184.72
2014-05-21;975000.0;5.0;4.0;4850;36450;2.0;0;0;3;4850;0;1977;2004;13600 NE 36th Pl;Bellevue;WA 98005;201.03
2014-05-21;218000.0;3.0;1.0;1020;7874;1.0;0;0;3;1020;0;1956;2001;9455 8th Ave SW;Seattle;WA 98106;213.73
2014-05-21;429000.0;3.0;2.5;2420;49928;2.0;0;0;3;1860;560;1985;0;24998 SE 155th Pl;Issaquah;WA 98027;177.27
2014-05-21;589000.0;4.0;2.5;2910;5776;2.0;0;2;3;2910;0;1998;2006;6907 Fairway Ave SE;Snoqualmie;WA 98065;202.41
2014-05-21;255000.0;3.0;1.5;1060;9039;1.0;0;0;3;1060;0;1973;2013;19300 142nd Pl SE;Renton;WA 98058;240.57
2014-05-21;668750.0;4.0;2.5;2340;6420;1.0;0;2;3;1590;750;1964;2000;2148 NW 197th St;Shoreline;WA 98177;285.79
2014-05-21;344500.0;4.0;2.75;1800;5453;1.0;0;0;3;1050;750;2002;0;1816 Talbot Rd S;Renton;WA 98055;191.39
2014-05-21;452000.0;4.0;2.0;1660;6150;1.0;0;0;3;850;810;1945;2010;7308 28th Ave SW;Seattle;WA 98126;272.29
2014-05-21;540000.0;3.0;1.75;1300;62290;1.0;0;0;3;1300;0;1983;2009;26933 NE Union Hill Rd;Redmond;WA 98053;415.38
2014-05-21;246000.0;3.0;1.5;1780;23819;1.0;0;0;3;1780;0;1953;0;12432 16th Ave S;Seattle;WA 98168;138.2
2014-05-21;535000.0;2.0;1.0;1030;4841;1.0;0;0;3;920;110;1939;1969;1317 N 79th St;Seattle;WA 98103;519.42
2014-05-21;970000.0;4.0;3.25;2790;5420;1.0;0;3;3;1130;1660;1963;2013;19400-19498 23rd Ave NW;Shoreline;WA 98177;347.67
2014-05-21;430000.0;3.0;1.0;1150;3000;1.0;0;0;5;1150;0;1906;0;945 N 80th St;Seattle;WA 98103;373.91
2014-05-21;520000.0;4.0;2.5;3290;11446;2.0;0;0;3;3290;0;1992;0;8020 NE 153rd Pl;Kenmore;WA 98028;158.05
2014-05-21;712000.0;4.0;2.5;3400;247421;2.0;0;0;3;3400;0;2001;0;27728 SE 268th St;Ravensdale;WA 98051;209.41
2014-05-21;450000.0;2.0;1.0;1200;4000;1.0;0;0;3;1070;130;1940;1996;3026 37th Ave SW;Seattle;WA 98126;375.0
2014-05-21;220000.0;4.0;2.5;2160;8005;2.0;0;0;3;2160;0;1993;0;767 Oakhurst Dr;Pacific;WA 98047;101.85
2014-05-21;525000.0;3.0;1.0;1450;4000;1.0;0;1;4;950;500;1948;0;5155 54th Ave S;Seattle;WA 98118;362.07
2014-05-21;1220000.0;4.0;2.5;3240;3600;2.0;0;0;3;2060;1180;2008;0;2433 1st Ave N;Seattle;WA 98109;376.54
2014-05-21;540000.0;3.0;2.0;1470;1691;2.0;0;0;3;1000;470;2007;0;1032 NE 63rd St;Seattle;WA 98115;367.35
2014-05-21;600000.0;4.0;2.5;2360;5226;2.0;0;0;3;2360;0;2001;0;8410 NE 124th St;Kirkland;WA 98034;254.24
2014-05-21;600000.0;3.0;2.25;2230;9053;2.0;0;0;4;2230;0;1987;0;5718 147th Ave NE;Bellevue;WA 98007;269.06
2014-05-21;625000.0;4.0;2.5;2630;48706;2.0;0;0;3;2630;0;1986;0;16021 NE 203rd Pl;Woodinville;WA 98072;237.64
2014-05-21;150000.0;3.0;1.0;1010;25000;1.0;0;0;3;1010;0;1966;1963;10626 Kelly Rd NE;Carnation;WA 98014;148.51
2014-05-21;389999.0;3.0;2.25;1445;1471;2.0;0;0;3;1300;145;2003;0;206 Lingering Pine Dr NW;Issaquah;WA 98027;269.9
2014-05-21;285000.0;3.0;1.75;2380;6000;1.5;0;0;3;1320;1060;1935;1974;8723 S 117th St;Seattle;WA 98178;119.75
2014-05-21;744000.0;4.0;2.75;2830;13059;2.0;0;0;3;2830;0;1998;2006;26592 SE 15th St;Sammamish;WA 98075;262.9
2014-05-21;700000.0;4.0;2.5;3010;46173;2.0;0;0;3;3010;0;1996;0;4375 279th Ave NE;Redmond;WA 98053;232.56
2014-05-21;318989.0;4.0;2.25;2000;9000;1.0;0;0;4;2000;0;1978;2000;4231 SW 323rd St;Federal Way;WA 98023;159.49
2014-05-21;556000.0;3.0;2.25;2020;3600;2.0;0;0;3;2020;0;1998;2006;13031 NE 70th Dr;Kirkland;WA 98033;275.25
2014-05-21;275000.0;3.0;2.5;2030;6326;2.0;0;0;3;2030;0;1993;0;23418 SE 282nd Pl;Maple Valley;WA 98038;135.47
2014-05-21;430000.0;3.0;2.75;2550;11160;2.0;0;0;3;2550;0;1994;0;14540 5th Ave NE;Shoreline;WA 98155;168.63
2014-05-21;300000.0;2.0;1.0;970;13700;1.0;0;0;3;970;0;1949;1998;9807 22nd Ave SW;Seattle;WA 98106;309.28
2014-05-21;396450.0;3.0;1.75;1540;12446;1.0;0;0;5;1540;0;1967;0;1106-1128 Lewis Ln SE;Issaquah;WA 98027;257.44
2014-05-21;225000.0;2.0;1.0;1396;111949;1.0;0;0;3;1396;0;1940;1997;24841 Redmond-Fall City Rd NE;Redmond;WA 98053;161.17
2014-05-21;700000.0;4.0;3.25;2780;7875;2.0;0;0;3;2780;0;2006;0;543 N 138th St;Seattle;WA 98133;251.8
2014-05-21;260000.0;6.0;2.0;2220;8797;1.0;0;0;3;2220;0;1977;2004;142 11th St SE;Auburn;WA 98002;117.12
2014-05-21;655000.0;4.0;3.5;2350;13402;2.0;0;3;3;1670;680;1994;0;11221 NE 106th Pl;Kirkland;WA 98033;278.72
2014-05-21;1185000.0;3.0;2.25;2760;40946;2.0;0;0;5;2760;0;1978;0;13204 NE 45th St;Bellevue;WA 98005;429.35
2014-05-21;1550000.0;3.0;2.5;4460;26027;2.0;0;0;3;4460;0;1992;0;126th Ln NE;Kirkland;WA 98033;347.53
2014-05-21;413800.0;3.0;2.0;1440;4421;1.0;0;0;3;1440;0;2007;0;23571-23613 NE Twinberry Way;Redmond;WA 98053;287.36
2014-05-21;950000.0;5.0;3.75;5330;6000;2.0;0;2;3;3570;1760;2006;0;832 Summerhill Ridge Dr NW;Issaquah;WA 98027;178.24
2014-05-21;334990.0;4.0;2.5;2220;4228;2.0;0;0;3;2220;0;2014;0;11283-11399 5th Ave SW;Seattle;WA 98146;150.9
2014-05-21;2700000.0;5.0;4.75;5305;8401;2.0;0;2;3;3745;1560;2005;0;1010 6th St W;Kirkland;WA 98033;508.95
2014-05-21;1030000.0;3.0;4.0;3880;13095;2.0;0;3;3;3700;180;2009;0;8090 Juanita Dr NE;Kirkland;WA 98034;265.46
2014-05-21;1130000.0;4.0;3.25;3810;8519;1.0;0;1;3;2680;1130;2007;0;10022 NE 110th St;Kirkland;WA 98033;296.59
2014-05-21;556000.0;3.0;3.0;1960;1168;2.0;0;0;3;1600;360;2007;0;1150 NE Park Dr;Issaquah;WA 98029;283.67
2014-05-21;360000.0;3.0;2.5;1530;1131;3.0;0;0;3;1530;0;2009;0;933 N 97th St;Seattle;WA 98103;235.29
2014-05-22;480000.0;4.0;2.25;3250;34293;2.0;0;0;4;3250;0;1983;0;28030 185th Pl SE;Kent;WA 98042;147.69
2014-05-22;324000.0;3.0;2.5;1750;7208;2.0;0;0;3;1750;0;1994;0;11201 SE 190th Pl;Renton;WA 98055;185.14
2014-05-22;1050000.0;4.0;3.25;3440;35021;2.0;0;0;3;3440;0;1983;2009;11704 NE 41st St;Kirkland;WA 98033;305.23
2014-05-22;275000.0;1.0;0.75;1170;14149;1.0;0;0;5;880;290;1962;0;37316 W Lake Walker Dr SE;Enumclaw;WA 98022;235.04
2014-05-22;180000.0;3.0;1.0;870;5330;1.0;0;0;3;870;0;1969;2014;19654 SE 260th St;Covington;WA 98042;206.9
2014-05-22;749000.0;4.0;2.5;2930;18199;2.0;0;0;3;2930;0;1998;2006;1645 219th Pl SE;Sammamish;WA 98075;255.63
2014-05-22;1600000.0;3.0;2.5;3160;12824;1.0;0;2;4;1820;1340;1966;0;9410 Lake Washington Blvd NE;Bellevue;WA 98004;506.33
2014-05-22;373500.0;2.0;1.0;800;3330;1.0;0;0;3;800;0;1918;0;108 NW 41st St;Seattle;WA 98107;466.88
2014-05-22;770000.0;4.0;2.5;2350;8001;2.0;0;0;4;2350;0;1987;0;14019 SE 61st Pl;Bellevue;WA 98006;327.66
2014-05-22;356000.0;2.0;1.75;1060;16470;1.0;0;0;3;1060;0;1977;2004;15523 187th Ave NE;Woodinville;WA 98072;335.85
2014-05-22;625000.0;3.0;1.75;2060;12558;1.0;0;0;4;1350;710;1984;0;6619 147th Ct NE;Redmond;WA 98052;303.4
2014-05-22;494400.0;2.0;1.75;1560;1750;1.0;0;0;4;780;780;1904;0;115 Blaine St;Seattle;WA 98109;316.92
2014-05-22;585000.0;4.0;1.75;3000;42200;1.0;0;3;3;1500;1500;1950;2005;3901 Park Ave N;Renton;WA 98056;195.0
2014-05-22;926300.0;3.0;1.5;1660;4800;2.0;0;0;3;1660;0;1907;1983;1814 1st Ave W;Seattle;WA 98119;558.01
2014-05-22;600000.0;3.0;1.75;1650;5100;1.0;0;0;5;1040;610;1908;0;547 NE 81st St;Seattle;WA 98115;363.64
2014-05-22;430000.0;4.0;3.0;3220;8936;2.0;0;0;3;2450;770;1990;2009;20301 96th Ave S;Kent;WA 98031;133.54
2014-05-22;307000.0;3.0;1.5;2320;7500;1.0;0;0;3;2320;0;1976;0;26905 NE Cherry St;Duvall;WA 98019;132.33
2014-05-22;604700.0;4.0;2.75;2750;14982;1.0;0;3;3;1720;1030;1981;2013;27318 10th Pl S;Des Moines;WA 98198;219.89
2014-05-22;219900.0;3.0;1.0;910;6000;1.0;0;0;2;910;0;1956;0;303 SW 108th St;Seattle;WA 98146;241.65
2014-05-22;270000.0;2.0;1.5;840;867;2.0;0;0;3;840;0;2005;0;9122 23rd Ave NE;Seattle;WA 98115;321.43
2014-05-22;432000.0;3.0;2.25;1470;1578;2.0;0;0;3;1090;380;2007;0;7202 California Ave SW;Seattle;WA 98136;293.88
2014-05-22;300000.0;6.0;2.0;2040;10812;1.0;0;0;4;2040;0;1943;0;555 Index Ave NE;Renton;WA 98056;147.06
2014-05-22;361000.0;3.0;1.0;1100;4046;1.5;0;4;4;1100;0;1922;0;28764 Redondo Beach Dr S;Des Moines;WA 98198;328.18
2014-05-22;249950.0;2.0;1.0;940;8532;1.0;0;0;4;940;0;1959;0;628 SW 136th St;Burien;WA 98166;265.9
2014-05-22;320000.0;3.0;2.0;1110;10500;1.0;0;0;5;1110;0;1978;0;17040 426th Ave SE;North Bend;WA 98045;288.29
2014-05-22;305000.0;4.0;1.75;2200;8100;1.5;0;0;5;1400;800;1942;0;12036 23rd Ave S;Seattle;WA 98168;138.64
2014-05-22;503000.0;2.0;1.75;2860;59612;1.0;1;4;3;1510;1350;1948;2003;4338 SW 307th St;Federal Way;WA 98023;175.87
2014-05-22;235750.0;2.0;1.0;740;11250;1.0;0;0;2;740;0;1938;0;11050 24th Pl SW;Seattle;WA 98146;318.58
2014-05-22;657000.0;4.0;1.75;2740;8520;1.0;0;2;3;1370;1370;1954;2005;5524 S Morgan St;Seattle;WA 98118;239.78
2014-05-22;385000.0;3.0;1.0;1250;7300;1.0;0;0;4;1250;0;1956;0;16204 SE 8th St;Bellevue;WA 98008;308.0
2014-05-22;389950.0;4.0;2.5;3140;8060;2.0;0;0;3;3140;0;1991;0;32800 7th Ave SW;Federal Way;WA 98023;124.19
2014-05-22;150000.0;2.0;1.0;820;10270;1.0;0;0;3;820;0;1954;2005;10218 Aqua Way S;Seattle;WA 98168;182.93
2014-05-22;254500.0;4.0;2.75;2570;7264;2.0;0;0;3;1720;850;1998;2006;1621 56th Ct SE;Auburn;WA 98092;99.03
2014-05-22;555000.0;4.0;2.25;2350;8140;1.0;0;0;4;1430;920;1977;0;15800 SE 50th St;Bellevue;WA 98006;236.17
2014-05-22;1075000.0;4.0;3.0;3600;9200;1.0;0;4;4;2100;1500;1976;1992;2646 168th Ave SE;Bellevue;WA 98008;298.61
2014-05-22;245000.0;4.0;2.0;1580;8000;1.0;0;0;3;1040;540;1967;2011;2306 S 284th Pl;Federal Way;WA 98003;155.06
2014-05-22;319950.0;2.0;1.0;1070;5824;1.0;0;2;5;1070;0;1949;0;7057 S Lakeridge Dr;Seattle;WA 98178;299.02
2014-05-22;337000.0;3.0;1.0;1070;6109;1.0;0;0;5;1070;0;1951;0;12551 Roosevelt Way NE;Seattle;WA 98125;314.95
2014-05-22;492000.0;4.0;2.0;1640;5000;2.0;0;0;3;1640;0;1907;1983;639 NW 52nd St;Seattle;WA 98107;300.0
2014-05-22;1170000.0;3.0;2.75;2890;12130;2.0;0;3;4;2830;60;1987;0;4506 Lake Washington Blvd NE;Kirkland;WA 98033;404.84
2014-05-22;348580.0;3.0;1.0;1220;7876;1.0;0;0;3;1220;0;1966;1963;14405 105th Ave NE;Kirkland;WA 98034;285.72
2014-05-22;180000.0;2.0;1.0;1400;4500;1.0;0;0;3;900;500;1922;2008;309 Hardie Ave NW;Renton;WA 98057;128.57
2014-05-22;400000.0;3.0;1.0;1040;6250;1.0;0;0;3;1040;0;1942;1999;5440 42nd Ave SW;Seattle;WA 98136;384.62
2014-05-22;295000.0;4.0;2.0;980;10640;1.0;0;0;5;980;0;1978;0;17026 426th Ave SE;North Bend;WA 98045;301.02
2014-05-22;910000.0;4.0;3.25;3340;10890;1.5;0;0;3;2240;1100;1963;2000;15243 NE 71st Ct;Redmond;WA 98052;272.46
2014-05-22;1150000.0;6.0;4.5;6040;219542;2.0;0;0;3;4100;1940;1996;0;4616 252nd Ave SE;Issaquah;WA 98029;190.4
2014-05-22;431500.0;3.0;3.5;1900;1612;2.0;0;0;3;1430;470;2008;0;6527 41st Ave SW;Seattle;WA 98136;227.11
2014-05-22;180000.0;4.0;1.5;1740;7292;1.0;0;0;3;1020;720;1962;2003;13904 24th Ave S;SeaTac;WA 98168;103.45
2014-05-22;677000.0;3.0;2.0;2000;3207;1.0;0;0;4;1100;900;1916;0;1330 N Lucas Pl;Seattle;WA 98103;338.5
2014-05-22;1180500.0;3.0;1.75;1610;7200;1.0;0;0;3;1090;520;1973;2013;1015 36th Ave E;Seattle;WA 98112;733.23
2014-05-22;635700.0;4.0;2.5;3240;13978;1.0;0;0;3;1860;1380;1977;2004;2069 211th Ave NE;Sammamish;WA 98074;196.2
2014-05-22;482000.0;5.0;2.25;2230;9600;1.0;0;0;3;1320;910;1978;0;16218 195th Pl NE;Woodinville;WA 98077;216.14
2014-05-22;168000.0;2.0;2.5;1160;2174;2.0;0;0;3;1160;0;1998;2006;8601-8633 26th Ave SW;Seattle;WA 98106;144.83
2014-05-22;805000.0;4.0;2.75;2410;6000;1.0;0;0;5;1410;1000;1950;0;3210 NW 58th St;Seattle;WA 98107;334.02
2014-05-22;398000.0;2.0;1.0;590;10945;1.5;0;0;3;590;0;1983;2009;29613-29615 232nd Ave SE;Black Diamond;WA 98010;674.58
2014-05-22;665000.0;4.0;2.5;2600;17388;2.0;0;0;3;2600;0;1996;0;14623 SE 82nd Ct;Newcastle;WA 98059;255.77
2014-05-22;592500.0;4.0;3.0;2170;8240;1.0;0;0;4;1370;800;1968;0;18504 NE 21st St;Redmond;WA 98052;273.04
2014-05-22;940000.0;4.0;2.75;2080;4000;1.5;0;0;3;2080;0;1912;2000;6042 Sycamore Ave NW;Seattle;WA 98107;451.92
2014-05-22;655000.0;4.0;2.5;2860;12394;2.0;0;0;3;2860;0;1999;0;2853 234th Ave SE;Sammamish;WA 98075;229.02
2014-05-22;622500.0;4.0;2.5;2980;8107;2.0;0;0;3;2980;0;2000;0;34823 Rhododendron Dr SE;Snoqualmie;WA 98065;208.89
2014-05-22;380000.0;2.0;2.5;1230;987;2.0;0;0;3;1060;170;2011;0;2031 S Washington St;Seattle;WA 98144;308.94
2014-05-22;648360.0;4.0;1.75;2260;7005;1.0;0;1;4;1130;1130;1947;1988;137 18th Ave;Kirkland;WA 98033;286.88
2014-05-22;432000.0;3.0;2.75;2200;14925;1.0;0;0;3;1100;1100;1982;0;21013 NE 60th Pl;Redmond;WA 98053;196.36
2014-05-22;1050000.0;4.0;2.5;3030;12590;1.5;0;0;4;3030;0;1988;0;3255 111th Ave SE;Bellevue;WA 98004;346.53
2014-05-22;353250.0;2.0;1.0;1060;1600;2.0;0;0;3;1060;0;1979;2014;1523 30th Ave S;Seattle;WA 98144;333.25
2014-05-22;1000000.0;4.0;3.0;4260;18687;2.0;0;0;3;4260;0;1996;0;2432 267th Ct SE;Sammamish;WA 98075;234.74
2014-05-22;320000.0;3.0;2.25;998;844;2.0;0;0;3;798;200;2007;0;820 NW 95th St;Seattle;WA 98117;320.64
2014-05-22;349900.0;4.0;2.5;2052;3723;2.0;0;0;3;2052;0;2014;0;35650 30th Ave S;Federal Way;WA 98003;170.52
2014-05-22;330000.0;4.0;3.5;3150;6202;2.0;0;0;3;3150;0;2005;0;22547 134th Pl SE;Kent;WA 98042;104.76
2014-05-22;408000.0;3.0;2.25;1950;7221;1.0;0;0;4;1950;0;2006;0;3742 S 192nd St;SeaTac;WA 98188;209.23
2014-05-22;321000.0;3.0;2.25;1347;1292;3.0;0;0;3;1347;0;2010;0;14007-14017 35th Ave NE;Seattle;WA 98125;238.31
2014-05-22;1051000.0;4.0;3.75;3860;5474;2.5;0;0;3;3860;0;2007;0;2603 NE Davis Loop;Issaquah;WA 98029;272.28
2014-05-22;2150000.0;4.0;5.5;5060;10320;2.0;0;0;3;5060;0;2008;0;1500-1598 98th Ave NE;Bellevue;WA 98004;424.9
2014-05-22;359000.0;3.0;1.5;1360;885;3.0;0;0;3;1360;0;2008;0;709 N 94th St;Seattle;WA 98103;263.97
2014-05-22;300000.0;5.0;2.5;2760;6000;2.0;0;0;3;2760;0;2006;0;843 S Rose St;Seattle;WA 98108;108.7
2014-05-22;380000.0;5.0;3.5;2420;4670;2.0;0;0;3;2420;0;2013;1923;8803 38th Ave S;Seattle;WA 98118;157.02
2014-05-22;660000.0;3.0;2.5;2450;4332;2.0;0;0;3;2450;0;2010;0;10741 242nd Pl NE;Redmond;WA 98053;269.39
2014-05-22;355000.0;3.0;2.25;1280;959;3.0;0;0;3;1280;0;2005;0;8526 Nesbit Ave N;Seattle;WA 98103;277.34
2014-05-22;259000.0;3.0;2.5;1550;3569;2.0;0;0;3;1550;0;2011;0;1506 51st St NE;Auburn;WA 98002;167.1
2014-05-22;353000.0;1.0;1.0;550;1279;2.0;0;0;3;550;0;2008;0;1620 14th Ave;Seattle;WA 98122;641.82
2014-05-22;430000.0;2.0;2.5;1520;1588;2.0;0;0;3;1240;280;2007;0;2310 15th Ave S;Seattle;WA 98144;282.89
2014-05-23;460000.0;3.0;1.0;1670;4005;1.5;0;0;4;1170;500;1939;1989;8030 18th Ave NW;Seattle;WA 98117;275.45
2014-05-23;80000.0;1.0;0.75;430;5050;1.0;0;0;2;430;0;1912;0;32215 E Rutherford St;Carnation;WA 98014;186.05
2014-05-23;782000.0;4.0;2.5;2380;9614;2.0;0;0;4;2380;0;1991;0;16810 SE 47th Way;Bellevue;WA 98006;328.57
2014-05-23;218000.0;3.0;1.0;960;9633;1.0;0;0;5;960;0;1982;0;506 Harmony Ln;Enumclaw;WA 98022;227.08
2014-05-23;325000.0;3.0;1.0;1920;6862;1.0;0;2;3;1120;800;1952;2008;4602 S Fletcher St;Seattle;WA 98118;169.27
2014-05-23;980000.0;4.0;3.0;3680;5854;1.0;0;3;3;2060;1620;1967;2011;1414 Magnolia Blvd W;Seattle;WA 98199;266.3
2014-05-23;902000.0;4.0;2.25;2530;9200;1.0;0;0;5;1570;960;1976;0;4632 141st Ct SE;Bellevue;WA 98006;356.52
2014-05-23;556000.0;5.0;2.5;3840;16905;2.0;0;0;3;3840;0;1991;0;739 SW 337th St;Federal Way;WA 98023;144.79
2014-05-23;662990.0;3.0;1.75;1240;3600;1.5;0;0;5;1240;0;1926;0;2552 57th Ave SW;Seattle;WA 98116;534.67
2014-05-23;225000.0;2.0;1.0;1300;11867;1.5;0;0;4;1300;0;1975;0;33023 SE 310th St;Ravensdale;WA 98051;173.08
2014-05-23;439950.0;4.0;2.5;2380;12067;2.0;0;0;3;2380;0;2002;0;313 Mt Baker Pl NE;Renton;WA 98059;184.85
2014-05-23;175000.0;2.0;1.0;1300;44431;1.0;0;0;5;1300;0;1958;0;30557 55th Ave S;Auburn;WA 98001;134.62
2014-05-23;306000.0;2.0;1.0;780;13500;1.0;0;0;4;780;0;1946;1989;15210 Mink Rd NE;Woodinville;WA 98077;392.31
2014-05-23;235000.0;4.0;2.5;1810;39639;1.0;0;0;3;1230;580;1970;2014;17421 SE Covington Sawyer Rd;Kent;WA 98042;129.83
2014-05-23;399500.0;3.0;1.75;2420;12676;2.0;0;0;3;2420;0;1911;1986;227 W Park St;North Bend;WA 98045;165.08
2014-05-23;478000.0;3.0;1.0;1280;2580;1.5;0;0;3;1280;0;1910;2014;6008 8th Ave NE;Seattle;WA 98115;373.44
2014-05-23;515000.0;2.0;1.0;1680;6500;1.0;0;0;4;1140;540;1941;1998;5906 44th Ave SW;Seattle;WA 98136;306.55
2014-05-23;550000.0;3.0;2.5;2510;5400;2.0;0;0;3;2510;0;1992;0;919 N 33rd St;Renton;WA 98056;219.12
2014-05-23;149000.0;3.0;1.0;1700;8645;1.0;0;0;3;1700;0;1955;2005;12701 2nd Ave SW;Seattle;WA 98146;87.65
2014-05-23;526000.0;3.0;1.75;1680;3420;1.0;0;0;3;960;720;1992;0;7717 35th Ave NE;Seattle;WA 98115;313.1
2014-05-23;527550.0;1.0;0.75;820;59677;1.0;0;0;3;820;0;1999;0;7608 N Fork Rd SE;Snoqualmie;WA 98065;643.35
2014-05-23;1050000.0;3.0;4.0;4380;42769;2.0;0;0;5;4380;0;1983;0;17301 NE 131st St;Redmond;WA 98052;239.73
2014-05-23;625000.0;3.0;2.5;2600;10092;1.0;0;0;3;2600;0;1984;0;22922 NE 14th St;Sammamish;WA 98074;240.38
2014-05-23;950000.0;5.0;3.25;3400;7452;2.0;0;0;3;3400;0;1999;0;15251 NE 6th St;Bellevue;WA 98007;279.41
2014-05-23;377691.0;5.0;1.75;2120;8399;1.0;0;0;4;1320;800;1942;1982;18318 Meridian Ave N;Shoreline;WA 98133;178.16
2014-05-23;648475.0;4.0;2.75;2250;5700;1.0;0;0;3;1200;1050;1951;1994;2436 Dexter Ave N;Seattle;WA 98109;288.21
2014-05-23;383000.0;3.0;1.0;1800;5612;1.0;0;0;4;1200;600;1942;1982;8639 36th Ave SW;Seattle;WA 98126;212.78
2014-05-23;535000.0;3.0;2.5;2210;7620;2.0;0;0;3;2210;0;1994;0;10526 157th Ave NE;Redmond;WA 98052;242.08
2014-05-23;449950.0;3.0;2.0;1560;4080;2.0;0;0;3;1560;0;1923;1982;828 NE 83rd St;Seattle;WA 98115;288.43
2014-05-23;465425.0;4.0;2.75;2430;20720;1.0;0;0;3;2430;0;1967;2011;14951 NE 204th St;Woodinville;WA 98072;191.53
2014-05-23;675000.0;4.0;2.5;2560;36601;2.0;0;0;4;2560;0;1987;0;26007 SE 27th St;Sammamish;WA 98075;263.67
2014-05-23;599000.0;3.0;2.75;1960;2500;1.5;0;0;5;1410;550;1926;0;427 N 63rd St;Seattle;WA 98103;305.61
2014-05-23;416000.0;3.0;1.5;1110;9762;1.0;0;0;4;1110;0;1963;0;14222 NE 80th Pl;Redmond;WA 98052;374.77
2014-05-23;595000.0;2.0;1.5;1030;4500;1.0;0;0;3;830;200;1924;2011;2726 Mayfair Ave N;Seattle;WA 98109;577.67
2014-05-23;200000.0;4.0;1.0;1350;11507;1.0;0;0;3;1350;0;1966;1963;19516-19598 108th Ave SE;Renton;WA 98055;148.15
2014-05-23;402000.0;3.0;2.0;1540;1827;2.0;0;0;3;1540;0;2005;0;2460 NE Park Dr;Issaquah;WA 98029;261.04
2014-05-23;433000.0;4.0;1.75;1830;9600;1.0;0;0;4;1010;820;1966;0;16130 SE Newport Way;Bellevue;WA 98006;236.61
2014-05-23;275000.0;4.0;1.5;1930;15531;2.0;0;0;3;1930;0;1979;2014;28616 28th Pl S;Federal Way;WA 98003;142.49
2014-05-23;410000.0;3.0;2.0;1650;9641;1.5;0;0;3;1650;0;1983;2009;12721 83rd Ct NE;Kirkland;WA 98034;248.48
2014-05-23;554820.0;4.0;2.0;3510;12905;1.0;0;2;3;2210;1300;1965;1982;1962 SW 172nd St;Burien;WA 98166;158.07
2014-05-23;1325000.0;4.0;3.0;3370;7920;1.0;0;3;3;1860;1510;1988;2000;3524 NW 67th St;Seattle;WA 98117;393.18
2014-05-23;735000.0;3.0;2.5;2390;9157;2.0;0;0;3;2390;0;1984;0;14500-14526 NE 61st St;Redmond;WA 98052;307.53
2014-05-23;607000.0;3.0;1.0;1230;8114;1.0;0;0;4;1230;0;1951;1999;3126 108th Ave SE;Bellevue;WA 98004;493.5
2014-05-23;549900.0;4.0;3.0;2830;213879;2.0;0;0;4;2830;0;1987;0;34422 176th Ave SE;Auburn;WA 98092;194.31
2014-05-23;258000.0;3.0;1.75;1620;7540;1.0;0;0;3;1310;310;1988;2000;21659 SE 266th St;Maple Valley;WA 98038;159.26
2014-05-23;661254.0;4.0;4.0;2290;6250;1.5;0;0;5;1690;600;1940;0;2319 41st Ave SW;Seattle;WA 98116;288.76
2014-05-23;945000.0;4.0;2.0;2840;13367;1.0;0;0;3;1420;1420;1952;2008;9723 NE 15th St;Clyde Hill;WA 98004;332.75
2014-05-23;799950.0;4.0;3.5;4220;196817;2.0;0;0;3;4220;0;1993;0;5002 Jasmine Ave SE;Auburn;WA 98092;189.56
2014-05-23;132500.0;3.0;1.0;1080;10500;1.0;0;0;3;1080;0;1967;2011;4411 S 314th St;Auburn;WA 98001;122.69
2014-05-23;467100.0;3.0;1.75;1620;8645;1.0;0;0;3;1190;430;1973;2013;6605-6609 141st Pl NE;Redmond;WA 98052;288.33
2014-05-23;1610000.0;4.0;3.5;4390;11600;2.0;0;3;3;3060;1330;1990;2009;2758 68th Ave SE;Mercer Island;WA 98040;366.74
2014-05-23;641000.0;3.0;1.75;1620;3975;1.0;0;0;5;940;680;1926;0;6729 Dibble Ave NW;Seattle;WA 98117;395.68
2014-05-23;350000.0;3.0;1.0;1010;11244;1.0;0;0;4;1010;0;1947;1988;16220 8th Ave NE;Shoreline;WA 98155;346.53
2014-05-23;335000.0;4.0;2.5;1750;8476;1.0;0;0;4;1240;510;1983;0;15216 SE 176th Pl;Renton;WA 98058;191.43
2014-05-23;900000.0;3.0;3.5;4080;217697;1.5;0;3;3;4080;0;2000;0;37739 Auburn Enumclaw Rd SE;Auburn;WA 98092;220.59
2014-05-23;440000.0;4.0;2.5;2560;10400;1.0;0;0;4;1280;1280;1965;0;749 Mountain View Pl SW;Issaquah;WA 98027;171.88
2014-05-23;464600.0;3.0;1.75;1120;5500;1.5;0;0;4;1120;0;1925;1968;6617 Beveridge Pl SW;Seattle;WA 98136;414.82
2014-05-23;1200000.0;4.0;3.5;4740;172497;2.0;0;0;3;4740;0;2003;0;19933 NE 85th St;Redmond;WA 98053;253.16
2014-05-23;300000.0;2.0;1.0;1340;7788;1.0;0;2;3;1340;0;1947;2012;7111 S Ryan St;Seattle;WA 98178;223.88
2014-05-23;670500.0;4.0;2.0;1590;6750;1.0;0;0;3;1590;0;1951;1994;2333 12th Ave E;Seattle;WA 98102;421.7
2014-05-23;552000.0;3.0;1.0;1430;5000;1.0;0;0;4;1080;350;1919;1985;6008 29th Ave NE;Seattle;WA 98115;386.01
2014-05-23;244000.0;4.0;1.0;1450;8960;1.0;0;0;3;1450;0;1943;2002;1011 SW 118th St;Seattle;WA 98146;168.28
2014-05-23;788600.0;4.0;2.75;3500;7200;2.0;0;0;3;3500;0;2005;0;8930-9034 236th Ave NE;Redmond;WA 98053;225.31
2014-05-23;445000.0;3.0;2.0;1630;8702;1.0;0;0;3;1630;0;1987;2000;1905 NE 29th Ct;Renton;WA 98056;273.01
2014-05-23;530000.0;4.0;1.75;1814;5000;1.0;0;0;4;944;870;1951;1999;7532 44th Ave NE;Seattle;WA 98115;292.17
2014-05-23;90000.0;2.0;1.0;580;7500;1.0;0;0;3;580;0;1943;2002;6621 S 131st Pl;Seattle;WA 98178;155.17
2014-05-23;585000.0;3.0;2.0;1670;4572;1.5;0;0;3;1670;0;1931;0;7705 13th Ave NW;Seattle;WA 98117;350.3
2014-05-23;498000.0;2.0;2.0;1140;8282;1.0;0;0;3;1140;0;1924;2009;2086 Market St;Kirkland;WA 98033;436.84
2014-05-23;379000.0;2.0;1.0;800;6380;1.0;0;2;3;800;0;1940;1996;1709 NE 86th St;Seattle;WA 98115;473.75
2014-05-23;462000.0;3.0;1.75;1300;2580;1.0;0;0;5;820;480;1919;1934;825 NE 63rd St;Seattle;WA 98115;355.38
2014-05-23;388000.0;4.0;2.5;2440;7155;2.0;0;0;3;2440;0;1993;0;16032 SE 170th Pl;Renton;WA 98058;159.02
2014-05-23;255000.0;3.0;2.0;1490;8371;1.5;0;0;3;1490;0;1984;0;11405 SE 229th St;Kent;WA 98031;171.14
2014-05-23;665000.0;3.0;2.75;1800;9550;1.0;0;0;4;1320;480;1966;0;12115 SE 44th Pl;Bellevue;WA 98006;369.44
2014-05-23;550000.0;3.0;2.0;1830;9152;1.0;0;0;5;1830;0;1959;0;11815 SE 56th St;Bellevue;WA 98006;300.55
2014-05-23;606000.0;3.0;1.0;1500;3920;1.0;0;0;3;1000;500;1947;2012;128 NW 59th St;Seattle;WA 98107;404.0
2014-05-23;334000.0;4.0;2.5;2210;6080;1.0;0;2;4;1410;800;1965;0;12413 84th Ave S;Seattle;WA 98178;151.13
2014-05-23;360000.0;3.0;2.0;1270;1323;3.0;0;0;3;1270;0;2006;0;8830 Midvale Ave N;Seattle;WA 98103;283.46
2014-05-23;235000.0;2.0;1.0;1140;1730;1.5;0;0;3;1010;130;2007;0;3002 SW Cycle Ct;Seattle;WA 98126;206.14
2014-05-23;580000.0;3.0;2.5;1620;1173;3.0;0;4;3;1470;150;2008;0;5410 Greenwood Ave N;Seattle;WA 98103;358.02
2014-05-23;355000.0;3.0;2.0;1220;1186;3.0;0;0;3;1220;0;2007;0;9245a Interlake Ave N;Seattle;WA 98103;290.98
2014-05-23;375000.0;2.0;2.5;750;1430;2.0;0;0;3;750;0;2006;0;1700 E Columbia St;Seattle;WA 98122;500.0
2014-05-24;372000.0;4.0;1.75;1960;9300;1.0;0;0;5;1340;620;1979;0;16803 426th Pl SE;North Bend;WA 98045;189.8
2014-05-24;479000.0;3.0;1.0;1370;3000;1.5;0;0;3;1370;0;1924;2011;611 N 46th St;Seattle;WA 98103;349.64
2014-05-24;2000000.0;5.0;4.0;4580;4443;3.0;1;4;3;4580;0;2004;2003;4277 E Lake Sammamish Shore Ln SE;Sammamish;WA 98075;436.68
2014-05-24;1680000.0;4.0;4.25;5584;68257;2.0;0;0;3;5584;0;1998;2006;29002 NE 3rd Way;Carnation;WA 98014;300.86
2014-05-24;501000.0;2.0;1.0;1010;4320;1.0;0;0;5;1010;0;1924;1956;7550 Roosevelt Way NE;Seattle;WA 98115;496.04
2014-05-24;245000.0;3.0;1.75;1260;6908;1.0;0;0;3;1260;0;1994;0;23221 SE 242nd St;Maple Valley;WA 98038;194.44
2014-05-24;496700.0;3.0;2.5;1740;5782;2.0;0;0;4;1740;0;1989;0;3512 253rd Ct SE;Issaquah;WA 98029;285.46
2014-05-24;347000.0;4.0;1.5;2670;10026;2.0;0;0;3;2670;0;1996;0;1121 48th Ct SE;Auburn;WA 98092;129.96
2014-05-24;199000.0;2.0;1.0;720;7200;1.0;0;0;5;720;0;1943;0;3113 SE 6th St;Renton;WA 98058;276.39
2014-05-24;440500.0;3.0;2.5;2460;4399;2.0;0;0;3;2460;0;2007;0;34214 SE Carmichael St;Snoqualmie;WA 98065;179.07
2014-05-24;820000.0;4.0;2.5;3670;7000;2.0;0;0;3;3670;0;2005;0;19454 SE 27th Pl;Sammamish;WA 98075;223.43
2014-05-25;325000.0;4.0;3.5;2630;3435;1.5;0;3;3;1640;990;1984;0;18641 48th Pl S;SeaTac;WA 98188;123.57
2014-05-25;195000.0;3.0;1.75;1570;8459;1.0;0;0;3;1570;0;1991;0;1168 Semanski St;Enumclaw;WA 98022;124.2
2014-05-25;675000.0;3.0;3.0;2980;28000;1.0;0;0;3;1820;1160;1981;2013;15017-15023 NE 144th St;Redmond;WA 98052;226.51
2014-05-25;295000.0;3.0;2.5;1560;4200;2.0;0;0;3;1560;0;2003;0;23620 SE 243rd Pl;Maple Valley;WA 98038;189.1
2014-05-25;355300.0;3.0;2.5;1620;7410;1.0;0;0;5;1620;0;1955;0;19584-19766 Meridian Ave N;Shoreline;WA 98133;219.32
2014-05-26;276000.0;3.0;1.0;1140;5000;1.0;0;0;3;1140;0;1960;2012;5403 23rd Ave SW;Seattle;WA 98106;242.11
2014-05-26;460000.0;2.0;1.5;2730;19877;1.0;0;0;4;1570;1160;1976;1992;19807 330th Ave NE;Duvall;WA 98019;168.5
2014-05-26;880000.0;3.0;2.0;2130;35169;1.0;0;0;4;2130;0;1989;0;16704 162nd Ave NE;Woodinville;WA 98072;413.15
2014-05-26;370000.0;3.0;2.5;1780;4050;2.0;0;0;3;1780;0;2001;0;1743 NE 146th St;Shoreline;WA 98155;207.87
2014-05-26;346000.0;4.0;2.5;2100;3916;2.0;0;0;3;2100;0;2009;0;11674 SE 189th Pl;Renton;WA 98058;164.76
2014-05-26;172500.0;3.0;1.0;1140;8800;1.0;0;0;3;1140;0;1972;2002;4804 S 378th St;Auburn;WA 98001;151.32
2014-05-26;379950.0;3.0;1.5;1690;9144;1.0;0;0;4;1140;550;1956;0;6601 NE 153rd Pl;Kenmore;WA 98028;224.82
2014-05-27;468000.0;2.0;1.0;1160;6000;1.0;0;0;4;860;300;1942;1982;3169 NE 85th St;Seattle;WA 98115;403.45
2014-05-27;477000.0;4.0;2.75;1720;6270;2.0;0;0;3;1720;0;1978;0;5149 S Graham St;Seattle;WA 98118;277.33
2014-05-27;529000.0;3.0;1.0;1210;3328;1.5;0;0;4;1210;0;1924;0;6015 5th Ave NW;Seattle;WA 98107;437.19
2014-05-27;312000.0;3.0;1.5;1255;1374;3.0;0;0;3;1255;0;2004;2003;11716 16th Ave NE;Seattle;WA 98125;248.61
2014-05-27;326100.0;2.0;1.0;880;7683;1.0;0;0;3;880;0;1942;1999;11709 3rd Ave NW;Seattle;WA 98177;370.57
2014-05-27;360000.0;3.0;1.0;1050;9206;1.5;0;0;3;1050;0;1954;2005;10710 Lake City Way NE;Seattle;WA 98125;342.86
2014-05-27;438000.0;3.0;1.75;1650;12940;1.0;0;0;4;1650;0;1961;2001;18504 57th Ave NE;Kenmore;WA 98028;265.45
2014-05-27;360000.0;3.0;1.0;1570;9467;1.0;0;0;3;1570;0;1954;2005;19141 1st Ave NW;Shoreline;WA 98177;229.3
2014-05-27;1050000.0;4.0;2.5;2920;7200;1.0;0;3;3;1470;1450;1921;2006;3438-3474 S Charles St;Seattle;WA 98144;359.59
2014-05-27;688000.0;4.0;3.0;3000;4000;1.5;0;3;3;1970;1030;1913;2014;3220 19th Ave S;Seattle;WA 98144;229.33
2014-05-27;585000.0;3.0;1.75;1850;7735;1.0;0;0;4;1850;0;1983;0;4640 193rd Ave SE;Issaquah;WA 98027;316.22
2014-05-27;265000.0;3.0;2.5;1440;7741;1.0;0;0;4;1000;440;1983;0;11009 SE 220th Pl;Kent;WA 98031;184.03
2014-05-27;375000.0;3.0;1.75;1440;8775;1.0;0;0;3;1440;0;1973;2013;13607 128th Ave NE;Kirkland;WA 98034;260.42
2014-05-27;326500.0;3.0;1.0;1810;12375;2.0;0;0;3;1810;0;1970;2014;15717 126th Pl NE;Woodinville;WA 98072;180.39
2014-05-27;160000.0;2.0;1.0;1180;9350;1.0;0;0;3;1180;0;1918;0;12662 60th Ave S;Seattle;WA 98178;135.59
2014-05-27;1570000.0;4.0;3.75;3070;5850;2.0;0;0;5;2400;670;1927;0;1527 39th Ave E;Seattle;WA 98112;511.4
2014-05-27;735000.0;5.0;2.75;3390;5211;2.0;0;0;3;3390;0;2004;2003;Trossachs Blvd SE;Sammamish;WA 98075;216.81
2014-05-27;400000.0;2.0;1.0;1470;6120;1.0;0;0;2;1470;0;1940;0;3825 NE 87th St;Seattle;WA 98115;272.11
2014-05-27;800000.0;4.0;2.5;2680;7200;1.0;0;0;3;1380;1300;1952;2013;11540 NE 91st St;Kirkland;WA 98033;298.51
2014-05-27;949880.0;4.0;2.25;2290;10687;2.0;0;0;3;2290;0;1978;0;10413 SE 25th St;Bellevue;WA 98004;414.79
2014-05-27;405000.0;3.0;1.75;1980;8100;1.0;0;0;4;1310;670;1949;1985;2317 N 147th St;Shoreline;WA 98133;204.55
2014-05-27;399000.0;4.0;2.5;2870;9292;2.0;0;0;3;2540;330;1979;2014;16727 163rd Pl SE;Renton;WA 98058;139.02
2014-05-27;730001.0;3.0;2.0;1840;4750;1.0;0;0;5;1010;830;1951;0;7741 29th Ave NW;Seattle;WA 98117;396.74
2014-05-27;1795000.0;4.0;3.25;4060;13000;2.0;0;3;3;4060;0;2000;0;6875 SE 33rd St;Mercer Island;WA 98040;442.12
2014-05-27;260000.0;3.0;2.0;1630;8018;1.0;0;0;3;1630;0;2003;0;311 Dereks Pl;Pacific;WA 98047;159.51
2014-05-27;751750.0;2.0;2.0;1880;5400;1.5;0;0;3;1880;0;1902;0;516 16th Ave E;Seattle;WA 98112;399.87
2014-05-27;325000.0;3.0;1.75;1780;13095;1.0;0;0;4;1780;0;1983;0;26222 142nd Ave SE;Kent;WA 98042;182.58
2014-05-27;344950.0;4.0;2.0;2330;6250;1.0;0;0;4;1400;930;1941;1998;440 Scenic Way;Kent;WA 98030;148.05
2014-05-27;457500.0;3.0;1.75;1840;4030;1.0;0;0;5;1050;790;1925;0;1626 S Bennett St;Seattle;WA 98108;248.64
2014-05-27;389000.0;5.0;2.0;2330;10750;1.0;0;0;4;1190;1140;1962;0;14323 73rd Ave NE;Kenmore;WA 98028;166.95
2014-05-27;515000.0;4.0;2.5;3200;6473;2.0;0;0;3;3200;0;2005;0;5201 NE 11th Ct;Renton;WA 98059;160.94
2014-05-27;732000.0;3.0;2.5;2330;1987;2.0;0;4;3;1410;920;2004;2003;6123 37th Ave NW;Seattle;WA 98107;314.16
2014-05-27;415000.0;3.0;2.25;1950;8868;1.0;0;0;3;1350;600;1964;2000;1531 NE 172nd St;Shoreline;WA 98155;212.82
2014-05-27;1655000.0;4.0;3.5;3080;4815;2.0;0;3;3;2300;780;1937;2009;2441-2499 Crane Dr W;Seattle;WA 98199;537.34
2014-05-27;535000.0;2.0;1.0;1040;5527;1.0;0;0;3;1040;0;1951;1994;6559 42nd Ave NE;Seattle;WA 98115;514.42
2014-05-27;540000.0;4.0;4.25;1960;3565;2.0;0;0;3;1960;0;1940;2003;2113 41st Ave SW;Seattle;WA 98116;275.51
2014-05-27;525000.0;5.0;3.0;2750;3800;1.5;0;0;5;1750;1000;1926;0;7550 14th Avenue Northeast;Seattle;WA 98115;190.91
2014-05-27;570000.0;3.0;1.75;1930;36210;1.0;0;0;3;1930;0;1977;2004;15816 NE 195th St;Woodinville;WA 98072;295.34
2014-05-27;569950.0;5.0;4.5;4850;40902;2.0;0;0;3;4850;0;2001;0;31617 6th Ave SW;Federal Way;WA 98023;117.52
2014-05-27;283200.0;4.0;2.5;1982;6406;2.0;0;0;3;1982;0;2004;2003;26526 111th Pl SE;Kent;WA 98030;142.89
2014-05-27;1100000.0;3.0;2.75;2640;4050;1.5;0;0;5;1750;890;1926;0;1532 McGilvra Blvd E;Seattle;WA 98112;416.67
2014-05-27;830000.0;4.0;2.5;1850;50662;1.0;0;0;3;1430;420;1978;0;5022 Private Rd;Redmond;WA 98052;448.65
2014-05-27;495000.0;4.0;2.25;1940;9144;1.0;0;0;4;1430;510;1956;0;1805 154th Ave SE;Bellevue;WA 98007;255.15
2014-05-27;292050.0;5.0;3.0;2840;7199;1.0;0;0;3;1710;1130;2003;0;10719 47th Ave S;Tukwila;WA 98178;102.83
2014-05-27;415000.0;5.0;1.5;1900;10226;1.0;0;0;3;1130;770;1961;2004;8605 NE 137th St;Kirkland;WA 98034;218.42
2014-05-27;295832.0;5.0;1.0;1410;6400;1.0;0;0;5;960;450;1955;0;20208 1st Pl S;Des Moines;WA 98198;209.81
2014-05-27;450000.0;4.0;2.5;2520;8515;2.0;0;0;3;2520;0;1999;0;28312 NE 138th Pl;Duvall;WA 98019;178.57
2014-05-27;1381000.0;4.0;3.75;3160;9525;2.5;0;0;3;3160;0;1997;0;4646 88th Ave SE;Mercer Island;WA 98040;437.03
2014-05-27;857000.0;4.0;3.0;3720;29043;2.0;0;0;3;3720;0;1991;0;10161 134th Pl NE;Kirkland;WA 98033;230.38
2014-05-27;499950.0;3.0;3.5;1820;1501;2.0;0;0;3;1430;390;2014;0;729 Martin Luther King Jr Way S;Seattle;WA 98144;274.7
2014-05-27;465000.0;3.0;2.0;1560;8640;1.0;0;0;5;1560;0;1967;0;14216-14228 117th Ave NE;Kirkland;WA 98034;298.08
2014-05-27;329000.0;3.0;1.0;1600;5952;1.0;0;0;4;1150;450;1964;0;8127 22nd Ave SW;Seattle;WA 98106;205.62
2014-05-27;475000.0;3.0;2.0;1230;11502;1.0;0;0;4;1230;0;1984;0;15918 NE 113th Ct;Redmond;WA 98052;386.18
2014-05-27;255000.0;3.0;1.0;960;8100;1.0;0;0;3;960;0;1955;2005;20234 20th Ave NE;Shoreline;WA 98155;265.62
2014-05-27;435000.0;3.0;1.0;1270;4000;1.5;0;2;3;1270;0;1928;1954;3824 35th Ave SW;Seattle;WA 98126;342.52
2014-05-27;685000.0;3.0;2.5;2810;7700;2.0;0;0;3;2810;0;2001;0;6231 Lake Washington Blvd SE;Bellevue;WA 98006;243.77
2014-05-27;715000.0;2.0;2.5;2160;5581;1.0;0;0;3;2160;0;2002;0;23744 NE 116th Pl;Redmond;WA 98053;331.02
2014-05-27;780000.0;3.0;3.0;2520;2152;1.5;0;0;3;1560;960;1925;2006;1906 11th Ave W;Seattle;WA 98119;309.52
2014-05-27;345000.0;2.0;1.5;1180;844;2.0;0;0;3;990;190;2005;0;323 25th Ave S;Seattle;WA 98144;292.37
2014-05-27;355000.0;4.0;2.25;1810;4970;2.0;0;0;3;1810;0;2003;0;1035 Duvall Pl NE;Renton;WA 98059;196.13
2014-05-27;282000.0;3.0;2.5;1680;15711;1.0;0;0;3;1240;440;1994;0;20020 127th Pl SE;Kent;WA 98031;167.86
2014-05-27;244000.0;3.0;1.0;910;5250;1.0;0;0;4;910;0;1971;0;1256 SW 146th St;Burien;WA 98166;268.13
2014-05-27;967500.0;3.0;3.75;3250;5797;2.0;0;2;4;2370;880;1951;1999;3041 37th Ave W;Seattle;WA 98199;297.69
2014-05-27;375000.0;3.0;1.5;2000;7294;1.0;0;0;3;1520;480;1965;1993;5230 S Rose St;Seattle;WA 98118;187.5
2014-05-27;1600000.0;3.0;3.25;3790;19000;2.0;0;4;3;3790;0;1985;0;17780 13th Ave NW;Seattle;WA 98177;422.16
2014-05-27;527500.0;3.0;1.75;2310;78844;1.0;0;0;3;1760;550;1977;2004;1950 NW Goode Pl;Issaquah;WA 98027;228.35
2014-05-27;994000.0;3.0;2.25;2510;6339;1.5;0;2;5;1810;700;1932;2002;3227 Whalley Pl W;Seattle;WA 98199;396.02
2014-05-27;313000.0;3.0;1.75;1320;6205;1.0;0;0;5;1320;0;1948;1985;15345 Stone Ave N;Shoreline;WA 98133;237.12
2014-05-27;587000.0;3.0;2.25;2370;217800;2.0;0;0;3;2370;0;1979;2014;3118 264th Ave NE;Redmond;WA 98053;247.68
2014-05-27;304000.0;3.0;1.0;900;7500;1.0;0;0;4;900;0;1972;0;7725 NE 143rd St;Kirkland;WA 98034;337.78
2014-05-27;675000.0;3.0;2.5;2540;7680;2.0;0;1;4;2540;0;1940;2001;12037 6th Ave NW;Seattle;WA 98177;265.75
2014-05-27;305000.0;4.0;1.0;2100;9288;1.0;0;0;4;1050;1050;1968;0;16423 126th Pl SE;Renton;WA 98058;145.24
2014-05-27;280000.0;3.0;1.0;1200;6250;1.0;0;0;3;920;280;1943;2002;10424 2nd Ave S;Seattle;WA 98168;233.33
2014-05-27;960000.0;5.0;4.0;3720;15200;2.0;0;0;3;3720;0;2005;0;1414 235th Pl SE;Sammamish;WA 98075;258.06
2014-05-27;500000.0;3.0;2.25;1760;4539;2.0;0;0;3;1760;0;1988;2000;3728 246th Ave SE;Issaquah;WA 98029;284.09
2014-05-27;274950.0;3.0;1.75;1670;7415;1.0;0;0;3;1320;350;1987;2000;16828 SE 251 St;Covington;WA 98042;164.64
2014-05-27;455600.0;3.0;2.5;2420;8252;2.0;0;0;3;2420;0;1998;2006;7000 Autumn Ave SE;Snoqualmie;WA 98065;188.26
2014-05-27;970000.0;5.0;3.0;3480;15185;2.0;0;0;4;3480;0;1964;0;3601-3733 Greenbrier Ln;Mercer Island;WA 98040;278.74
2014-05-27;312900.0;4.0;2.5;1630;4473;2.0;0;0;3;1630;0;2003;0;24506 SE 276th Ct;Maple Valley;WA 98038;191.96
2014-05-27;535000.0;4.0;2.5;2340;5600;2.0;0;0;3;2340;0;1921;2013;10207 37th Ave SW;Seattle;WA 98146;228.63
2014-05-27;427000.0;2.0;1.0;920;3780;1.0;0;0;3;920;0;1910;2006;807 N 42nd St;Seattle;WA 98103;464.13
2014-05-27;405000.0;2.0;1.0;910;6490;1.0;0;0;3;910;0;1942;1999;8221 21st Ave NE;Seattle;WA 98115;445.05
2014-05-27;480000.0;3.0;1.0;1150;4945;1.0;0;2;3;1150;0;1943;2002;4103 37th Ave SW;Seattle;WA 98126;417.39
2014-05-27;725000.0;3.0;1.5;2500;4774;1.5;0;2;3;1450;1050;1940;1996;4111 1st Ave NW;Seattle;WA 98107;290.0
2014-05-27;293000.0;4.0;2.5;3250;235063;1.0;0;2;3;3250;0;1973;2013;17101-17103 SE 383rd St;Auburn;WA 98092;90.15
2014-05-27;268000.0;4.0;2.0;1930;6600;1.0;0;0;4;1030;900;1967;0;13436 Occidental Ave S;Burien;WA 98168;138.86
2014-05-27;475000.0;4.0;3.5;3400;234352;2.0;0;0;3;2500;900;1991;0;19132 Beall Rd SW;Vashon;WA 98070;139.71
2014-05-27;488000.0;3.0;2.5;1590;2550;3.0;0;0;3;1590;0;1985;0;6601-6699 28th Ave NW;Seattle;WA 98117;306.92
2014-05-27;760000.0;4.0;2.5;3330;7399;2.0;0;0;3;3330;0;2009;0;14009 NE 85th Ct;Redmond;WA 98052;228.23
2014-05-27;1710000.0;5.0;4.5;4590;14685;2.0;0;0;3;4590;0;2009;0;6402-6412 105th Ave NE;Kirkland;WA 98033;372.55
2014-05-27;754950.0;3.0;2.5;2610;7256;2.0;0;0;3;2610;0;2014;0;12108 NE 106th Pl;Kirkland;WA 98033;289.25
2014-05-27;263900.0;3.0;2.5;1658;2700;2.0;0;0;3;1658;0;2014;0;2150 S 262nd Ct;Des Moines;WA 98198;159.17
2014-05-27;460000.0;3.0;3.5;1600;1431;2.0;0;0;3;1240;360;2006;0;7906 6th Ave NW;Seattle;WA 98117;287.5
2014-05-27;399950.0;3.0;3.0;1296;1051;3.0;0;0;3;1296;0;2009;0;12303 Sand Point Way NE;Seattle;WA 98125;308.6
2014-05-27;370000.0;2.0;2.25;1280;835;2.0;0;0;3;1080;200;2009;0;3825 S Angeline St;Seattle;WA 98118;289.06
2014-05-27;1149000.0;4.0;3.0;5940;11533;2.0;0;4;3;4950;990;2004;2003;6310 Fairway Pl SE;Snoqualmie;WA 98065;193.43
2014-05-27;450800.0;4.0;3.25;2510;5311;2.0;0;0;3;2510;0;2009;0;3617 NE 12th St;Renton;WA 98056;179.6
2014-05-27;627000.0;3.0;3.5;2710;3475;2.0;0;0;3;1650;1060;2005;0;Shangri-La Way NW;Issaquah;WA 98027;231.37
2014-05-27;495000.0;3.0;2.5;1750;1548;3.0;0;0;3;1750;0;2013;1923;3933 S Brandon St;Seattle;WA 98118;282.86
2014-05-28;310000.0;3.0;1.0;1430;19901;1.5;0;0;4;1430;0;1927;0;8308 NE 176th Pl;Kenmore;WA 98028;216.78
2014-05-28;550000.0;4.0;1.0;1660;34848;1.0;0;0;1;930;730;1933;0;6056 156th Ave NE;Redmond;WA 98052;331.33
2014-05-28;215000.0;2.0;1.0;1320;8865;1.0;0;0;4;1320;0;1943;0;2496-2598 S 121st St;Burien;WA 98168;162.88
2014-05-28;799000.0;4.0;3.0;2580;209523;2.0;0;0;3;2580;0;1984;0;24927 NE 108th St;Redmond;WA 98053;309.69
2014-05-28;630000.0;4.0;2.5;2740;43101;2.0;0;0;3;2740;0;1993;0;18808 215th Way NE;Woodinville;WA 98077;229.93
2014-05-28;267000.0;3.0;2.5;2495;4400;2.0;0;0;3;2495;0;2007;0;35039 41st Pl S;Federal Way;WA 98001;107.01
2014-05-28;900000.0;6.0;2.75;2300;24773;1.5;0;0;4;2300;0;1950;1985;2940 72nd Ave SE;Mercer Island;WA 98040;391.3
2014-05-28;365000.0;3.0;1.5;1300;12240;1.0;0;0;3;1300;0;1963;2008;7343 NE 150th St;Kenmore;WA 98028;280.77
2014-05-28;544500.0;4.0;2.5;2230;10414;1.0;0;0;5;1450;780;1974;0;3022 254th Ave SE;Issaquah;WA 98075;244.17
2014-05-28;599000.0;4.0;2.75;2020;2750;1.0;0;0;3;1010;1010;1917;2014;3212 E Terrace St;Seattle;WA 98122;296.53
2014-05-28;815000.0;4.0;2.25;2000;3800;2.0;0;0;3;2000;0;2001;0;7708 16th Ave NE;Seattle;WA 98115;407.5
2014-05-28;254000.0;2.0;1.0;1060;8187;1.0;0;0;4;1060;0;1952;0;16708 N Park Ave N;Shoreline;WA 98133;239.62
2014-05-28;740000.0;2.0;1.75;2080;4800;1.0;0;0;5;1080;1000;1923;0;333 NW 84th St;Seattle;WA 98117;355.77
2014-05-28;225000.0;3.0;2.0;2030;24829;1.0;0;0;4;1220;810;1979;0;36721 34th Ave S;Auburn;WA 98001;110.84
2014-05-28;925000.0;3.0;2.5;2690;7000;2.0;0;0;5;1840;850;1943;0;6825 48th Ave NE;Seattle;WA 98115;343.87
2014-05-28;1285000.0;4.0;2.5;3240;10800;1.0;0;0;3;2260;980;1946;0;5726 61st Ave NE;Seattle;WA 98105;396.6
2014-05-28;537000.0;3.0;2.5;1550;12920;2.0;0;0;5;1550;0;1999;0;11004 NE 108th St;Kirkland;WA 98033;346.45
2014-05-28;335000.0;4.0;2.0;1480;3132;1.0;0;0;5;740;740;1910;0;5840 16th Ave S;Seattle;WA 98108;226.35
2014-05-28;840000.0;4.0;2.75;3040;2800;2.0;0;0;3;2100;940;1906;2014;318 E Mercer St;Seattle;WA 98102;276.32
2014-05-28;224000.0;3.0;1.5;1560;7300;1.0;0;0;4;1040;520;1964;0;4205 S 288th Pl;Auburn;WA 98001;143.59
2014-05-28;395000.0;3.0;2.5;2250;3757;2.0;0;0;3;2250;0;2006;0;6730 SE 5th St;Renton;WA 98059;175.56
2014-05-28;450000.0;3.0;1.0;1100;4600;1.0;0;0;3;1100;0;1917;2009;3920 42nd Ave SW;Seattle;WA 98116;409.09
2014-05-28;681000.0;3.0;1.0;1700;6356;1.5;0;0;3;1700;0;1907;1983;4001 42nd Ave S;Seattle;WA 98118;400.59
2014-05-28;898000.0;5.0;1.5;2680;28014;1.0;0;0;4;1450;1230;1963;0;2615 109th Pl NE;Bellevue;WA 98004;335.07
2014-05-28;370000.0;3.0;1.0;800;2296;1.0;0;0;4;800;0;1908;0;125 N Bowdoin Pl;Seattle;WA 98103;462.5
2014-05-28;429000.0;2.0;1.75;1350;6315;1.0;0;0;3;1350;0;2005;0;23039 NE 130th St;Redmond;WA 98053;317.78
2014-05-28;150000.0;3.0;1.0;820;7680;1.5;0;0;3;820;0;1910;2006;8408 20th Ave SW;Seattle;WA 98106;182.93
2014-05-28;555000.0;3.0;2.5;3160;4270;2.0;0;0;3;2650;510;2006;0;11131 NE 162nd St;Bothell;WA 98011;175.63
2014-05-28;326000.0;3.0;2.75;1720;28000;1.0;0;0;4;1720;0;1958;1972;18401 124th Ave SE;Renton;WA 98058;189.53
2014-05-28;225000.0;3.0;2.5;1680;6755;2.0;0;0;3;1680;0;1994;0;30410 128th Pl SE;Auburn;WA 98092;133.93
2014-05-28;245100.0;3.0;1.75;1300;7958;1.0;0;0;3;1300;0;1996;0;11022 SE 319th Ct;Auburn;WA 98092;188.54
2014-05-28;665000.0;3.0;2.5;2190;10370;2.0;0;0;3;2190;0;1987;2000;1345 232nd Pl NE;Sammamish;WA 98074;303.65
2014-05-28;535000.0;3.0;2.5;1720;4006;2.0;0;0;3;1720;0;1994;0;4228 249th Ct SE;Issaquah;WA 98029;311.05
2014-05-28;305000.0;3.0;1.0;1160;11776;1.0;0;0;3;1160;0;1968;1997;15803 197th Pl NE;Woodinville;WA 98077;262.93
2014-05-28;999000.0;7.0;4.0;3150;34830;1.0;0;0;3;3150;0;1957;2005;714 145th Ave SE;Bellevue;WA 98007;317.14
2014-05-28;215000.0;3.0;1.75;1210;8075;1.0;0;0;4;1210;0;1983;0;127 Chicago Blvd S;Pacific;WA 98047;177.69
2014-05-28;432500.0;3.0;1.75;1980;5100;1.0;0;0;3;1270;710;1965;1993;8516 Linden Ave N;Seattle;WA 98103;218.43
2014-05-28;655000.0;4.0;2.5;2990;5669;2.0;0;0;3;2990;0;2003;0;225 246th Ct NE;Sammamish;WA 98074;219.06
2014-05-28;266200.0;3.0;1.5;1430;9600;1.0;0;0;4;1430;0;1966;0;14217 SE 144th St;Renton;WA 98059;186.15
2014-05-28;244615.0;3.0;2.5;2060;4030;2.0;0;0;3;2060;0;1999;0;921 4th Ave N;Kent;WA 98032;118.75
2014-05-28;460000.0;4.0;3.0;2230;52983;2.0;0;0;3;2230;0;1991;0;27209 110th Ave SE;Kent;WA 98030;206.28
2014-05-28;370000.0;4.0;2.5;3090;18645;2.0;0;0;3;3090;0;1995;0;34711 5th Ave SW;Federal Way;WA 98023;119.74
2014-05-28;465000.0;6.0;3.25;4250;23326;1.0;0;3;3;2150;2100;1967;2011;29211 7th Pl S;Federal Way;WA 98003;109.41
2014-05-28;1175000.0;3.0;2.5;1970;23180;1.0;1;4;3;1100;870;1937;1998;5923 Beach Dr SW;Seattle;WA 98136;596.45
2014-05-28;189000.0;2.0;2.0;1700;3171;1.0;0;0;5;850;850;1927;0;508 D St SE;Auburn;WA 98002;111.18
2014-05-28;820000.0;3.0;2.5;2510;5503;2.0;0;2;3;2510;0;1995;0;6736 40th Ave SW;Seattle;WA 98136;326.69
2014-05-28;968000.0;6.0;2.75;3610;17580;1.0;0;4;5;2070;1540;1959;0;20303 SE 40th St;Sammamish;WA 98075;268.14
2014-05-28;1400000.0;4.0;3.25;2980;7000;2.0;0;3;3;2140;840;1900;2014;3115 S Norman St;Seattle;WA 98144;469.8
2014-05-28;438750.0;3.0;1.75;1610;6480;1.0;0;0;4;1610;0;1947;1988;2003 NE 117th St;Seattle;WA 98125;272.52
2014-05-28;1210000.0;4.0;2.75;3650;6982;2.0;0;2;4;2530;1120;1951;2003;4911 NE 65th St;Seattle;WA 98115;331.51
2014-05-28;600000.0;4.0;2.0;2510;38141;1.0;0;0;3;2510;0;1960;2012;13507 62nd Ave NE;Kirkland;WA 98034;239.04
2014-05-28;589000.0;3.0;1.0;1110;6000;1.5;0;0;5;1110;0;1932;2002;3228 36th Ave W;Seattle;WA 98199;530.63
2014-05-28;590000.0;3.0;2.0;1650;6150;2.0;0;0;4;1650;0;1926;1993;3627 48th Ave SW;Seattle;WA 98116;357.58
2014-05-28;479900.0;3.0;2.0;1980;12150;1.0;0;0;3;1980;0;1994;0;26272 142nd Ave SE;Kent;WA 98042;242.37
2014-05-28;210000.0;2.0;1.5;880;1157;2.0;0;0;3;880;0;2007;0;9413 34th Ave SW;Seattle;WA 98126;238.64
2014-05-28;745000.0;3.0;1.75;1490;9800;1.0;0;0;4;1140;350;1947;1988;10637 SE 29th St;Beaux Arts Village;WA 98004;500.0
2014-05-28;840500.0;3.0;2.0;2520;5400;1.5;0;0;4;1410;1110;1906;1990;1917 3rd Ave W;Seattle;WA 98119;333.53
2014-05-28;420000.0;3.0;1.75;1820;22320;1.0;0;0;3;1250;570;1977;2004;4031 W Ames Lake Dr NE;Redmond;WA 98053;230.77
2014-05-28;565000.0;7.0;4.5;4140;9066;1.0;0;0;3;2070;2070;1978;0;14007 35th Ave NE;Seattle;WA 98125;136.47
2014-05-28;840000.0;4.0;2.5;3420;8405;2.0;0;0;3;3420;0;2000;0;20525 NE 26th St;Sammamish;WA 98074;245.61
2014-05-28;681716.0;4.0;2.5;3150;7277;2.0;0;0;3;3150;0;2006;0;1224 N 27th Pl;Renton;WA 98056;216.42
2014-05-28;600000.0;3.0;1.75;1580;7416;1.0;0;0;3;1150;430;1967;2011;12501 SE 4th Pl;Bellevue;WA 98005;379.75
2014-05-28;380000.0;3.0;2.0;1660;8281;1.0;0;0;3;1660;0;1949;1998;5021 Fauntleroy Way SW;Seattle;WA 98136;228.92
2014-05-28;168500.0;3.0;1.0;1100;10125;1.0;0;0;3;1100;0;1969;2010;17458 SE 262nd St;Covington;WA 98042;153.18
2014-05-28;355000.0;2.0;1.0;1270;3200;1.0;0;0;4;960;310;1920;0;4038 Linden Ave N;Seattle;WA 98103;279.53
2014-05-28;277000.0;4.0;1.0;1450;6250;1.0;0;0;3;990;460;1964;2000;10020 18th Ave SW;Seattle;WA 98146;191.03
2014-05-28;236000.0;4.0;2.25;1830;9485;1.0;0;0;4;1200;630;1989;0;4235 SW 337th Pl;Federal Way;WA 98023;128.96
2014-05-28;270000.0;3.0;1.75;1300;4127;1.0;0;0;4;650;650;1918;1953;1309 SW Webster St;Seattle;WA 98106;207.69
2014-05-28;700000.0;2.0;1.75;2320;5500;1.5;0;2;3;1720;600;1925;2000;1903 32nd Ave S;Seattle;WA 98144;301.72
2014-05-28;425000.0;4.0;2.75;1680;9545;1.0;0;0;4;1080;600;1979;0;7220 NE 152nd Pl;Kenmore;WA 98028;252.98
2014-05-28;635000.0;3.0;2.5;2300;5500;1.5;0;0;4;2000;300;1921;0;2739 31st Ave S;Seattle;WA 98144;276.09
2014-05-28;510250.0;3.0;1.75;1400;4000;1.0;0;0;3;870;530;1951;1994;8520 19th Ave NW;Seattle;WA 98117;364.46
2014-05-28;960000.0;4.0;2.25;2410;4560;2.0;0;2;5;1800;610;1929;0;7006 35th Ave NW;Seattle;WA 98117;398.34
2014-05-28;254000.0;3.0;2.0;1480;7480;1.0;0;0;4;1480;0;1992;0;21438 SE 277th St;Maple Valley;WA 98038;171.62
2014-05-28;299000.0;3.0;1.0;1390;9624;1.5;0;0;4;1390;0;1954;1979;2544 NE 203rd St;Shoreline;WA 98155;215.11
2014-05-28;175000.0;2.0;1.0;830;2699;1.0;0;0;3;830;0;1996;0;22775 SE 242nd Pl;Maple Valley;WA 98038;210.84
2014-05-28;157500.0;2.0;1.0;740;9003;1.0;0;0;3;740;0;1949;1998;20206-20212 108th Ave SE;Kent;WA 98031;212.84
2014-05-28;580000.0;5.0;2.0;1940;6000;1.0;0;0;5;970;970;1945;0;8026 38th Ave NE;Seattle;WA 98115;298.97
2014-05-28;124740.0;3.0;1.0;1340;15600;1.0;0;0;4;1340;0;1978;2000;31118 149th Ave SE;Kent;WA 98042;93.09